word,freq
page,46607815
index,20701228
train,14865620
flight,11885381
list,10457091
home,8830955
https,8483260
com,8414179
new,8080305
taobao,7972385
m,7808659
pages,6452324
market,6322935
trip,6309769
app,6234185
hotel,5499637
detail,4578736
rx,4537738
order,2974205
mytrip,2353383
v5,1994271
html,1789246
h5,1703718
orderdetail,1540055
search,1538602
citylist,1501376
calendar,1493678
wow,1471746
flightcityselect,1426692
global,1328969
fupr,1256201
ordinary,1193010
detial,1193010
center,1167796
pcraft,1141175
pone,1137908
otalist,1054670
fliggy,997160
buy,929309
outfliggys,928202
mileage,829403
msgbox,788860
common,749622
result,744317
bus,647983
iflight,611862
graborderfill,599893
vacation,509230
domestic,505393
item,472065
ordercheck,467771
journey1,466886
normal,457174
pop,414854
listcalendar,390744
destination,373017
onsale,369428
listing,362759
single,355130
f,349688
success,339778
poi,332989
journey,330007
message,320027
room,318080
msg,314955
notice,313931
tmall,302034
support,279900
eco,270971
travel,267880
passengers,267690
transdetail,249575
pay,245652
ota,240116
bnb,237191
round,236285
618campaign,215617
react,200794
z,190708
roundsearchlist,187822
evaluate,185765
reschedule,181545
login,181427
graborder,179982
double,179982
12306login,178313
onekey,176573
reverse,171103
cheapflight,167232
map,166666
trasfer,164779
vehicle,163600
keyword,158248
agent,157244
share,156287
ai,153557
alimebot,153557
inter,148133
smslogin1,141379
checkin,139657
evaluation,137059
traffic,132581
car,127524
pcraftplus,126891
searchlist,122656
channel,109201
member2021,107624
button,104125
multi,103825
flutter,103522
segment,103463
refund,98300
grabselecttrainlist,98101
commonui,96989
htm,96520
v2,93568
change,93559
12306,91893
shop,91087
dynamic,90754
member,90509
confirm,84933
passenger,83817
cainiao,82618
chat,80930
screenshot,79880
flightroundlistactivity,78864
media,78476
grab,77170
commodity,76528
wupr,75693
act,75088
a,73000
play,72468
first,72061
dailygroup,71625
channels,70566
service,67893
cn,67007
coupon,65671
reserve,63585
photobrowser,63373
seat,63069
grabeditorder,62798
vip2021,62710
intl,62654
card,62589
mpchat,61308
tb,59722
redpacket,59666
ticket,59634
newer,56758
price,56428
setting,55641
download,55218
starlink,53502
wakeup,53469
transit,53469
onlinebooking,53163
activity,53020
lineup,53015
cross,52701
facility,50988
amap,50042
wt,49968
me,49668
ele,49668
mod,49666
alsc,49659
c5e1ca646a87f2be1caf6882,49651
edit,48566
cache,48140
receipt,47406
passport,47156
sqk,46436
wx,46350
daily,46064
earn,46044
shee,45730
2020commonlanding,45549
sample,45497
8thjjk38hwhfmaskzdin,44843
favorite,44792
v3,44701
plus,43819
one,42930
float,41903
growth,41092
subsidy,40852
billion,40852
password,40263
recommend,38543
around,38534
info,38178
1,37381
2811,36686
apply,36491
other,34993
face,34953
ju,34656
16378,34652
15996,34652
photopicker,33176
hoteldetail,32569
picturepage,32269
uc,31286
broccoli,31281
tab,31251
content,30524
web,30349
acs,30220
retrieve,29454
baobei,29115
ultron,29028
chatinteract,28919
pricereminder,28462
grablist,27987
video,27826
login1,27721
city,27412
occupy,26513
scanner,26494
comment,26235
frame,26162
roomscalendar,25700
tips,25484
rxplugin,25335
plugin,25246
rate,24891
apps,23667
ordercard,23590
phone,22728
psginfor,22002
tmd,21873
mtop,21846
punish,21788
gw,21680
treasure,21649
lucky,21648
commend,21541
go,21314
sec,21303
mx,21300
flow,21300
footage,21284
msd,21186
fticket,21154
user,19747
cnug,19690
templete,19690
poitabs,19591
grabticketengine,19001
estimation,18163
onlinebookinglist,18056
bo8cv3ssa,17995
un4ypx,17995
routes,17995
ii,17995
select,17830
ocr,17595
start,17503
internal,17498
rpverify,17495
transfer,16869
verify,16790
publish,16681
fusionwebhost,16570
arrive,16323
proxy,16273
cashier,15815
date,15657
traveldx,14559
grabbing,14510
ftrain,14510
e42d871db1264afe930c27c8dac14bb4,14194
selectaddress,13918
faas,13566
up,13526
pick,13477
off,13466
listingsearch,13348
ac,13318
private,13246
dest,13135
subpage,13123
manage,13015
terms,12971
img,12828
alipay,12817
midway,12804
add,12726
iv,12454
contact,12403
selector,12319
picker2,12314
accounts,12264
security,12237
visa,12229
navigation,12184
h,11894
floating,11863
suggest,11621
policy,11599
outage,11449
announcement,11449
signin,11380
floor,11380
second,11380
0,11359
talent,11280
home2,11161
welfare,10863
settings,10805
player,10636
gift,10412
short,10246
form,10163
alicdn,10062
time,10033
mobile,9985
selection,9924
near,9796
additional,9761
tbtrip,9736
all,9631
toolkit,9612
epidemic,9560
actwebview,9528
privilege,9502
album,9482
wireless,9444
route,9442
fliggyshop,9434
access,9288
www,9258
footprint,9218
picker,9164
weex,8843
tm,8821
redirect,8766
gateway,8752
register,8614
filter,8449
status,8395
type,8385
vpm,8368
facilities,8173
csair,8039
kr,8031
newseatcheckin,8031
midpage,7963
cost,7914
dual,7905
guide,7903
mcn,7802
unievoke,7794
newdiscover,7609
check,7586
ecosystem,7585
commbiz,7526
scan,7492
introduction,7466
tour,7365
safe,7345
management,7243
personal,7223
hotelresult,7208
instant,7090
taxi,7090
overseas,7028
progress,7008
group,6989
product,6943
6f62db3de0d24a3fbe3e3351d0f57796,6929
ext,6837
dial,6830
hdsolution2,6815
hdwk,6815
game2020,6815
view,6764
feeds,6717
181,6602
exchange,6583
webapp,6542
acar,6523
browser,6494
as,6492
popup,6480
account,6366
collect,6325
power,6317
merchants,6311
right,6122
5,6095
videocache,6048
bilateral,6022
validate,5949
pattern,5940
insurance,5756
asklist,5732
showclose,5599
render,5554
vip,5481
upc,5432
hotelcalendar,5362
alitrip,5361
data,5311
searchdest,5303
smartclaim,5249
kk,5075
scene,5055
mtb,5029
applink,4789
sale,4785
grabafterpay,4751
ask,4732
everyone,4728
night,4715
weibo,4683
feature,4683
banner,4641
airline,4556
tpi,4556
back,4469
click,4466
roomclick,4458
billboard,4367
square,4347
smart,4345
refactor,4317
visawifi,4277
router,4232
rule,4200
copy,4198
init,4188
algorithm,4184
three,4165
finger,4165
boot,4165
t,4019
prepaid,3999
modify,3979
package,3973
ship,3914
splash,3874
strategy,3779
axin,3757
chunjieanxinyou,3649
feizhu,3641
people,3632
playercache,3609
extend,3596
c,3579
scontent,3579
address,3574
show,3574
landing,3567
answerlist,3567
dinamicx,3535
s,3496
wishes,3485
goods,3484
combine,3452
smslogin2,3429
main,3417
rules,3356
tbnetstatistic,3342
booking,3310
agreement,3269
camping,3265
desc,3247
playexperience,3168
guidebook,3117
seshi,3112
my,3107
urge,3103
with,3060
legal,3053
auxiliary,3010
e1,2945
addressbook,2906
call,2906
p,2903
sku,2867
cart,2860
iframe,2856
identity,2841
checkinout,2749
roomimageclick,2662
wheel,2653
ssif,2587
survey,2571
reason,2571
store,2499
invoice,2486
online,2450
cert,2414
tripflightpassengerlistview,2412
robot,2371
services,2365
markets,2196
scroll,2187
dwvideo,2162
d,2148
rateclick,2144
nationality,2137
bu1,2126
suit,2126
upxvkeh,2030
x,2028
goodsdetaillist,2025
endless,2017
log,2012
exp,2009
subgroupchatdialog,1989
landlord,1947
claim,1917
2,1902
raiders,1880
trajectory,1878
weather,1850
kaola,1841
kl,1840
klfz,1840
category,1827
enter,1819
promotion,1818
2023,1813
holiday,1810
module,1782
wall,1782
heartbeat,1778
train12306,1760
dm,1751
negotiate,1746
privacy,1713
embd,1694
qudetail,1693
iuynfg,1689
focus,1678
searchhotel,1676
e5,1671
combo,1664
navi,1661
k9412k74f6,1643
wh,1632
rax,1622
child,1566
activate,1555
cooperation,1548
e7,1538
give,1533
crosssitelistpage,1524
fflight,1506
ds,1489
upload,1465
ch,1465
lazy,1404
project,1382
book,1325
qrcode,1301
student,1295
e6,1287
identification,1284
questionlist,1284
zuiafwu,1270
bd,1262
subscription,1249
u9xmswa,1232
link,1222
direct,1219
front,1216
20220617134519598,1210
videopause,1208
haibao,1193
image,1191
dragonpass,1188
baqcenter,1180
flightsearch,1165
country,1158
titlebar,1134
wifi,1124
openaddress,1118
test,1113
nav,1112
pcarft2,1110
native,1107
memberactive,1094
no,1091
sn,1090
auth,1090
weexexp,1089
keywords,1089
wapa,1075
registerpop,1069
login3,1061
zhiliao,1049
number,1039
roompeople,1038
createorder,1037
code,1036
comfirm,1021
history,1017
voucher,1006
listrefresh,994
dispute,988
changedate,980
feedback,966
guoguo,960
myexpress,960
ld,960
u9swvo8,957
answerdetail,949
find,943
park,941
supplement,936
event,929
discovery,928
traveldetail,909
skip,904
super,903
80276,896
taobao201811121436,896
risk,892
layer,888
getcheapestpricecalendar,883
20220704160131854,882
uiimagepicker,879
zukgrlo,866
sheep,862
hotellistdistanceitem,860
name,855
photoselect,849
fz,844
quamarket,831
customization,831
e4,828
ranklist,827
keywordsearch,821
guoqing,816
rentcar,815
h5api,800
friends,798
grabillustration,793
mutiaccountselect,792
pi,791
lottery,787
flyingpig,766
material,763
3,738
tip,736
searchbar,733
crm,730
cancel,702
dzbrule,702
awp,697
pads,695
bangdinggonglue,693
editor,691
sdetail,686
favorable,680
wml,679
u9xvuom,672
core,660
challenge,657
railway,657
euro,657
2c,655
sendpicture,654
community,652
orderlistline,652
usercenter,649
confirmback,647
morerefresh,646
zfbrefundtips,641
passengerselector,640
fe,637
stationmap,630
lines,623
onefilteropen,622
platform,622
mdetail,621
roomotaclick,613
e8,603
olist,600
changecity,595
copy1,589
alicare,583
ae,577
videoclose,569
location,567
newmap,562
8d,560
photo,558
live,558
91,557
globalsearchdw,557
interflight,555
submit,539
similarity,538
wirelessapplyrouter,538
block,537
predetect,528
docs,524
cts,524
changehp,522
activation,521
7850105,521
transfertips,512
88,511
snatch,504
preference,499
9a,487
pci,483
credit,480
messagecenter,478
84,472
alisports,471
e9,470
untreatedclick,469
clientform,469
customized,466
d0,464
offline,462
6,462
timing,461
week,461
hotellistfilteritem,461
commercial,460
uri,460
carlist,458
bind,457
biz,453
saddr,452
daddr,452
titlebarhidden,451
telephone,449
carmap,449
snapshot,449
tp,449
yes,448
disablenav,445
clickratescore,445
depatureflightlist,444
tripusercentercommoninfopassageview,440
biztype,439
orderid,439
900sup,435
flypigvalidate,435
mall,435
handi,428
delivery,427
ab,423
poisingle,423
from,421
reg,420
benefit,419
21597543,413
expand,409
cardclick,405
taobaolivewatch,404
mobileic,402
error,402
dback,401
commoncard,394
charter,392
99,392
guess,391
confirminfo,379
reimburse,374
reopen,373
shopping,366
aboutus,364
mods,363
open,363
squirrel,363
waituseorders,362
ba,361
rateotaclick,361
11682944,361
consume,361
eticket,355
top,355
b8,350
book1,350
getdetail,347
reset,342
rescheduleserp,340
timeout,340
huodong,337
refresh,336
onefilter,333
bottombar,329
linechange,328
env,322
homepage,321
previous,321
b2,319
listnaviback,319
certificate,316
8127507,316
csmobile,315
default,314
red,311
guesslike,310
middle,310
notfound,307
fliggytitlebar,306
bf,304
7437892,304
5q6o2q,303
memberpricedetail,302
duanqu,300
packet,300
weapp,300
panorama,298
nation,297
picture,294
fight,292
batteryrules,292
createordererror,288
17748784,287
qr,287
9c,284
an,283
67701,282
shanghaidisneyresort,282
like,282
flyingpig201802011624,282
guesslikecmp,282
uiej8vs,280
null,279
13144096,278
a6,278
cs,278
selectkeywords,274
odetail,269
b1,269
sug,268
lp,267
fast,266
digital,266
refunding,266
ugc,264
im,262
photowall,258
container,258
85,258
mpds,258
international,253
bar,252
tags,250
dinamic,250
schedule,249
question,248
videorealplay,248
videofirstplay,248
tripbuy,248
b9,247
middlepage,246
report,245
record,245
keywordsuggestitem,244
jumpurlforresult,242
roomtypeclick,241
keywordsearchitem,239
low,239
dac1jftar,238
enters,238
zhaoshang,238
8f,237
alibaba,236
wendajia,235
tblive,235
tbhy,234
lowprice,234
b7,233
phoenix,233
rent,232
shopmenu,232
22477186181,229
121,229
scorerate,229
detail3,225
submitfinished,224
4,224
psgedit,224
dchangeguestname,222
processingorders,219
passengermanage,219
calendarexposed,219
97,218
airport,217
772,217
siop,216
sms,216
12346571,215
file,215
81,215
marriott,214
expired,211
ratemore,211
yhltl2jdz,211
80,210
static,208
myorders,208
expose,207
application,207
flightnew,207
gul,206
pics,205
8c,205
fliggytripnewpassengertravel,205
cem,205
header,204
gjjpfwdt,203
about,203
dxexp,203
calendarclose,202
photoes,201
tabswitch,201
edith,201
20119090,201
tsjdqsy300,200
2c31,199
9f,198
tps,197
tsjdqsy100,197
wirelessdetail,196
showroom,192
111,192
homeland,192
stsq,192
o,191
jpg,191
dragbutton,190
videologinfo,190
blurry,190
productlist,189
supply,187
chatting,186
intro,186
navbar,185
us,184
hoteldetailacility,184
hotelhome,184
ur,184
a4,183
takephoto,183
regular,182
pause,182
flyingpig201802011618,182
38232,182
panels,180
11440594,180
journeycard,179
collection,177
auctionitem,176
b0,173
i1,173
webview,172
baseinfo,172
6f79354f76094427a8953e9a1587c080,171
meta,171
undertake,170
8e,169
specialnotices,169
flighthomesinglearrcity,168
inc,168
a5,168
fastbook,167
13143939,167
freego,166
wangluodianhuaceshi,166
tf,165
tanx,165
ratelist,165
fuwudating,162
20800177,161
arbox,158
2025,157
791,157
tb1poqljxxxxxbxaxxxhqsw2fxx,157
gtms01,157
sortbytime,156
0818,156
selectfrequentpassenger,156
clicksuggest,156
position,154
20970705,154
trivermain,154
td201609301342,153
19559,153
td,153
floatlayer,153
weekendlist,152
yida,151
taoquan,150
regcodecheck,150
by,149
social,149
flighthomesingledepcity,149
120,149
djumpaction1,148
1842552830,148
8a,148
hypgqu0uj,147
createqu,147
90,147
d0bizargs,146
homerentplace,146
outbound,146
b4,146
ad,144
guoneijipiaofuwudating,142
ynuf,142
aliapp,142
hotelorder,142
title,142
org,142
12674811,141
a2,140
i,140
unify,140
client,140
next,139
sort,138
req,138
rightviewcontroller,138
shopfollow,138
nearbyhotelitem,137
tsjdqsy200,137
orderfill,136
pm,135
doverlay,135
sortclick,135
d1,134
plan,133
61002,133
taobao201703241622,133
set,132
b3,132
profile,132
sortbytimemorning2night,131
mz,131
moreroomclick,131
necpm,131
simba,131
inspolicy,130
bookingagain,130
bmenu,128
release,128
lxdataprefetch,128
superfast,127
d90fff,127
bb,126
diy,126
src,125
b5,125
uqjc7yh,125
uqbrgmm,124
more,122
f3,122
a7,122
havanalogin,121
navgation,121
rightpricebutton,121
viewallmedia,121
4867637360,120
v,120
calendaropen,120
secondgridfilterclick,120
af,120
19732758,118
nick,118
ubox,117
orderpage,117
count,117
yygp,117
questionnaire,117
81374,115
98,115
flyingpig202105191852,115
toose8n,115
bx,115
tickets,115
aggregate,114
feed,114
1444,114
dailyact,113
expend,113
arrivecityfromcityselectpage,112
pdf,111
fndata,111
indexwx,111
19jdn,111
2019rideouterupdate,111
calendarsingle,110
qichepiaofuwudating1,110
active,109
fliggyastore,109
scrolltolist,109
dujiahuichang,108
storelist,108
5035,108
mingya,108
8274679,107
9b,107
cruise,107
bank,107
chaoshi,107
a3,107
mlapp,106
smb,106
fid,106
sender,106
firstscreenevaljsstarttime,106
innersrc,105
uriapi,105
tianmaoqiche,105
light,105
trade,104
filetransferdetail,104
series,104
94,103
uland,103
half,102
reviewdetail,101
itinerary,101
12909493,101
82,100
13807700,100
renter,99
starandprice,99
bannerrate,99
89,99
be,99
firstscreenevaljsendtime,98
firstscreensqbetweentime,98
firstscreenevaljsbetweentime,98
studentsrule,98
ddraweropen,98
wirelessviewmessage,98
firstscreensqloadtime,98
55gruf,98
couponpackage,98
wirelessapply,97
memberpoint,97
compensation,96
opensku,96
videox,96
reply,96
taobaolive,96
flighttrafficpassenger,95
psger,95
rights,95
merge,95
universal,95
tocity,95
113,94
collinsontech,94
22,94
firstscreensetstatetime,94
loungefinder01,94
gcd,94
findgoodslist,94
doutclose,93
pricestarcomfim,93
pagefirstscreentime,93
firstscreensetstatebetweentime,93
isoffline,93
booknew,93
specificorder,92
20,92
selectdate,92
fuzzysearchaction,92
toolpage,92
bankcomm,91
applynew,91
conflict,91
track,91
creditcardapp,91
flyingpig201903061602,91
systemmsg,91
2c28,91
72640,91
hotelnonstandarditem,91
7437890,90
mi,90
nx5rdya3l,89
hkg,89
shipsearch,89
ranch,89
wake,89
stockshelf,88
province,88
property,88
uq59ue7,88
guarantee,87
tbhome,87
5cu3xppeb,87
contract,86
finishinput,86
marriottchina,86
hotelrefundreason,86
fliggyguestform,86
poplayer,86
7,85
refundform,85
o47k26,85
aq,85
calendaritemselect,85
9e,84
u9rjhsf,84
providemiles,84
faultlist,84
7437879,84
19770286,84
arousenavi,83
iconsecondfloor,83
traindetail,82
showtips,82
cancelback,82
87,82
in,82
zubevfo,81
cellexp,81
sendclicklog,81
e3,81
promotionapply,81
pbc,80
slide,80
aligenius,80
trvapppageview,79
tripucpsgerviewcontroller,79
pickupoff,78
join,78
searchtab,77
2c30,77
memberrights,77
14441,77
3hours,76
departcityfromcityselectpage,76
zukux66,76
a1,76
1999082089,76
homesearch,75
refundorderselector,75
flightsearchround,74
redeem,74
dep,74
domesticflighttrafficpassenger,74
chatoperationarea,74
grabtips,74
8169114,73
arr,73
dcheckinbtn,73
answer,72
upanbik,72
dbtn,72
to,72
callnative,71
otanaviback,71
la,70
orderline,70
send,70
loyalty,69
knowledge,69
sj,69
zumz8kx,69
translis,69
tfc,68
7437896,68
records,68
undefined,68
96,68
true,68
write,68
electronic,68
q,67
2c22,67
huabei,67
help,67
hotelcityselect,67
customer,67
navtohotel,66
globalsearch,66
fold,66
13224477,66
bc,65
aes,65
l,65
navbackbtn,65
ddrawerclose,65
grabordersubmit,65
dx,64
navimembercard,64
95,64
116,64
ok,64
14267532,64
transferlist,64
firstscreenmtopstarttime,63
topheadlinesmsg,63
network,63
sign,63
zumehgg,63
firstscreenmtopbetweentime,62
yzwxlpu,62
a8,62
searchgdcon,62
firstscreenmtopendtime,62
edetail,62
dialog,62
demand,61
yvfslemyl,61
school,61
ratepriceviewclick,61
feedbackinfo,61
poitab,61
navicoupon,61
site,61
eubrmb,60
login4,60
listcelld0,60
mwdk,60
13147875,60
83,60
mini,59
2c29,59
commonroom,59
changelist,59
not,59
shanghaibiyou,59
uq0bgy3,58
9d,58
wangxinbc,58
106,58
sortbyprice,58
chatwindow,58
9,58
3a,58
atom,58
d150,57
fromcity,57
checkinentry,57
30,57
fapiao,57
qrcodecheck,57
12184697,56
13702698,56
calender,56
weixin,56
a0,56
7gkpkwrqwghsxaxm8yep,56
dmainrights,56
rescheduleform,55
6i0lukzgo,55
dhoteldetail,55
b5kegb,54
performance,54
pricestarconfirm,54
ix,54
b6,53
uncertainorders,53
93,53
cjdpbcq5,53
sortpricelow2high,52
applyforrefund,52
hotelpackage,52
d2,52
12435789,52
returnflightlist,52
10,51
successtopayaction,51
86,51
clickprice,51
ukwwtzs,51
aa,50
college,50
spm,50
gold,50
coin,50
sitecard,49
huazhuyouhuiquanshiyong1,49
calendarinner,49
ua,49
z45amgt,49
31,49
clickstar,49
newcomer,49
stationsort,49
8265770,49
tus,49
8,49
highlight,49
severcardmain,49
21781360,48
cleankeywords,48
22616742,48
otasearch,48
29,47
fourier,47
x2895152,47
254993,47
addbtnexp,47
11241278,47
beijingbiwan,47
tabs,47
tuigaibaozhang,46
01,46
whmemberregister,46
14228826,46
358,46
selectpassenger,46
firstscreendomreadytime,46
shop403516271,46
searchbtn,45
featuredeventsmsg,45
cardlist,45
addtocart,45
gsgoupiaoxuzhi,44
si,44
ss,44
fastselectexp,44
14195984,44
get,44
fasteditexp,44
seller,44
ssss,44
refreshfirstrequest,44
ddd,44
morebtnexp,44
sr,44
9o2ciwypv,44
barwangwang,44
sjmetddt0,43
js,43
oedpcq6x4,43
stay,43
errordialg,43
perf,43
oauth,43
validatefailure,43
2634339,43
448851,43
dailytask,43
8b,43
hoteldetailquestionanswer,43
ratedescviewclick,43
11194565,43
billboards,43
xtowa5gsm,42
zur27ah,42
1443,42
calendarround,42
clickmap,42
source,42
pad,42
10444398,42
openurl,42
13916182,42
newsuggest,41
imageviewclick,41
ca,41
buttonaddtocart,41
preview,41
114,41
zuh1yoj,40
104,40
dcommonroom,40
friend,40
djtgz,40
memberright,40
level,40
pricebar,40
sdk,40
imgextra,40
related,40
12435046,40
hotelsale,40
9527,39
section,39
contactareatel,39
selecthotelpaymentchannel,39
dcard,39
2f,39
otacelld0,39
listcelld1,39
changshabizhidao,39
free,39
maple,39
sss,39
nights,39
2019110768998211,39
hotels,39
sjipiao,38
tripplan,38
assist,38
browsinghistory,38
changeheight,38
passengerconfirmselector,38
long,38
images,38
d5,38
a9,38
21129911,38
surveys,38
spl,38
1360696760,38
crop,38
multicity,38
dmenu,38
paysuccess,38
1827lse952ps,38
chengdubiwan,38
take,38
newupc,38
economicalcardbutton,37
11205446,37
his,37
sendclicklogsubscriber,37
appsc,37
dhotelfacility,37
base,37
14442,37
498q8zf9g,37
sub,37
action,37
waitevaluateorders,37
u,37
domesticflight,37
reservenote,36
reservation,36
112,36
fliggymoneycard,36
newdomtrafficpassenger,36
exposurelog,36
credentials,36
singlecheck,36
area,36
insopenprod,36
100,36
draw,36
topay,35
119,35
d7,35
listcelld2,35
imagenum,35
cdrxlxs,35
sb,35
2017booking,35
sbp,35
ddialogbutton0,35
c2,35
calendarselect,34
dupcguestselect,34
p5,34
flighttrafficpassengerdialog,34
realpay,34
msy,34
pha,34
o7giu3td,34
xiangpenghagnk,34
21123033,33
23,33
2c23,33
2frx,33
2ftrip,33
2fh5,33
dingdanliuzhuan,33
clearall,33
cmv2i1,33
showcomment,33
g,33
aliyx,33
b5fbqc,33
wuhan,33
studio,33
sys,32
zutyekx,32
guangzhou,32
naviback,32
midware,32
jym,32
business,32
memberrightsinfodialogclose,31
tabitem,31
nextday,31
resource,31
11440601,31
memberbenifittab,31
mainvideo,31
mic,31
entermobileverify,31
qq,31
integraldetail,30
flighthomeroundarrcity,30
you,30
android,30
taoliveweexcontainer,30
wanna,30
1827izu124dc,30
tlmz938,30
5304471220,30
psgslist,30
industry,30
6hwgekzyu,30
do,30
domesticpricebar,30
shop150352431,30
hangzhoubizhidao,30
2findex,30
skuchange,30
peppa,30
cityselect,30
promotionopen,30
a6fj5ct46,30
pcjhjo,29
maintaininfo,29
projects,29
contactarea,29
92,29
rightall,29
line,29
waituse,29
defaultpageitemclick,29
11,29
12909469,29
76fxea,29
flighttab,29
wv,29
duang,29
plays,29
uqjs0rr,29
starandpriceconfirm,29
x4h5mmpew,29
13707589,29
resultfilter,28
dhotelmap,28
impression,28
mgmjdjt,28
flighthomechildswitch,28
otacellxitembusinessorder3,28
cuiqueren,28
servicetab,28
asset,28
102,28
2001,28
wangxin,28
7437956,28
detail0,28
basicinfo,27
8110058550,27
rateofsuccess,27
spread,27
wirelesscrmapply,27
13785573,27
selectcity,27
cardheadstatus,27
rt484e,27
13224741,27
2oz4k7,27
2022guoqing,27
leftpricebutton,27
aspx,27
pic,27
d01,27
ddialogconfirm,27
json,27
homestay,27
domesticflighttrafficpassengerdialog,27
xiamenbiwan,27
beijingjingwei,27
omlrijh,26
traintransitlist,26
13,26
alibtrip,26
results,26
itemclick,26
shtml,26
flightsale,26
roundlistcalendarconfirm,26
d3,26
recommend0,26
ucc,26
20220926190130441,26
dts,26
dtsweb,26
fd,26
passengerlist,26
wordviewerframe,26
ceair,26
contactinputview,25
alphabetindex,25
5884869880,25
closebtn,25
entries,25
rating,25
wg,25
dtab,25
rank,25
listrecommendcelldnearby,25
6zszpmlidxmyyxgn8vmbw1,25
taoliveweexdynamiccontainer,25
2fukm7,25
od,25
classroom,25
dtab1,25
18,25
u9nu1pp,25
newarrival,25
26,25
ereuiib,25
20191111,25
accor,24
zumekzd,24
bottombarpop,24
wish,24
tbmsgmessage,24
i694100552385,24
tabpage,24
noroomblocknearby,24
7437955,24
pegasus,24
20220822103443467,24
jsp,24
station,24
fastselectpassenger,24
associate,24
nianhuo,24
tuipiaogaiqi,24
dmore,24
163,24
weitao,24
12003,24
tohotel,23
salecalendar,23
promotionselect,23
packageshelf,23
calendarlowprice,23
inprocess,23
listcelld3,23
choice,23
djumpaction0,23
timetrace,23
33,23
dshoplink,23
dupcconfirmguestnames,23
skubar,23
tools,23
10315,23
registermodal,23
save,23
d4,23
viewdoc,23
14,23
xian12shichen,23
driving,23
wasee,23
successpayshow,22
dmenu0,22
triptype,22
suzhoubizhidao,22
idcard,22
follow,22
sure,22
infos,22
2flisting,22
ditu,22
12063695,22
d000,22
queryticketproductitems,21
traveldc,21
flyingpig202007281518,21
48051,21
fuzzysearchclk,21
myseller,21
sortbytimenight2morning,21
realname,21
nofootertitle,21
fliggyrealpayaction,21
o03oab,21
750,21
dbutton,21
homeall,21
2c36,21
flightitem,21
fuzzysearchlist,21
btn,21
mloginservice,21
1998398854,21
12,21
small,21
9649367550,21
ret,20
zurbv4v,20
warmprompt,20
discount,20
sanyashouyou,20
hotelrequirement,20
choosetaobaosso,20
15165753,20
contentdetail,20
taoliveweexstaticcontainer,20
kvinfo,20
dtab0,20
choosealipaysso,20
afterday,20
membercard,20
couponlist,20
travelcate,20
hangzhou,20
unlogintips,20
qccmoacg4,20
z4,20
demo,20
d001,20
i2,20
khudbaxec,20
openh5url,19
userguide,19
cardwrap,19
planecard,19
feiyongmingxi,19
115,19
traveldetailpackage,19
xfiltertab,19
standard,19
19,19
oper,19
dnwrateotaclick,19
speedupalert,19
supermc,19
item0,19
hk,19
hotelsingle,19
aviationins,19
andriod,19
1311173915,19
guojijipiao,19
getusersimple,19
rc,19
mask,19
12725397,19
wenxintixing,19
bookingnote,18
http,18
taopiaopiao,18
singleotaback,18
1318,18
bottomwangwangww,18
deeplink,18
35684,18
applyroute,18
zfcrn02,18
hangzhoulaojie,18
tejia,18
flyingpig201802071025,18
95431,18
dianpu,18
mccttilul,18
mxy,18
css3q,18
yesterday,18
hxair,18
ibe,18
i599375093987,18
i636157046745,18
topic,18
hongkongairlines,18
entry,18
menu,18
auctions,18
transparent,18
item1,18
hidden,18
7437873,18
hotelorderdetail,18
buscard,18
extractpage,18
21102968,18
dtab2,18
y,18
dstartsearch1,18
bottom,18
12002,18
ddialogcancel,18
fillorder,18
168,17
87951,17
daclist,17
r,17
plane,17
redress,17
3847,17
828,17
6000000003825,17
hotel0,17
o1cn01hdjtat1e7tkohifmh,17
ww,17
jiudianlibaoguize,17
flyingpig202012011819,17
tmc,17
17589,17
39274,17
zenswb2,17
flyingpig201907301019,17
simple,17
destpanel,17
scenic,17
hknu,17
oesg,17
mock,17
liangzhao,17
g2h777,17
ywae7a,17
taosso,17
addpsgs,17
register12306,17
right1,17
costandmanualpayment,17
navimileage,17
insurancedialognexttimeclick,17
flighttitleback,17
insurancedialogexpose,17
selectcontact,17
contacts,17
logout,17
drecommenditem,17
getmixratelist,17
1cg9pstih05ngsg6corkmz,16
osxmxlreb,16
buyer,16
normalregistersubmit,16
krm2oc,16
disneyreservation,16
haikoubizhidao,16
depart,16
sece,16
smallmap,16
qcp,16
hotelratelist,16
item6,16
20751193,16
12389584,16
wirelessclosebizclaimtips,16
gxn,16
mmkag,16
mute,16
huj0mgr,16
deletebtnexp,16
8512603,16
57a183fcfa2f94704d8b4624,16
smssend,16
12306order,16
5ia4n1,16
tmall201801121425,16
43176,16
107,16
returnticket,16
020217,16
mutilcheck,16
baidu,16
21,16
head,16
7437952,16
10840050,16
20889568,16
801147,16
eu,16
youku,16
27,16
14665415,16
moviemine,16
cancelredress,16
airchina,16
month,16
push,16
waitpay,16
listcellclickback,16
fliggyfaqbottombar,16
8142154,15
viprule,15
yinzuohuiyuanliyuguize,15
15018946,15
zhuhaibizhidao,15
a6wgarnw,15
shanghaidishini,15
j,15
grabinstruction,15
b5draj,15
elpwf6uvr,15
webhome,15
fliggyshopcdn,15
h5entry,15
iwen1,15
bdu9r4j6de,15
zukggmt,15
aqcenter,15
dhoteladdresswl,15
ordernps,15
submitbtn,15
retrycount,15
interactivemsg,15
quanjingpicture,15
selecthotelreceipt,15
clickbannerimagecount,15
dsingleskubuy,15
opentabpage,15
pagecalendar,15
secondary,15
wangxinimba,15
closed,15
tabs1,15
19720943,15
png,15
d204745,15
bounce,15
20978741,15
255561,14
mtopsuccess,14
i580852886000,14
credirectb,14
aetmn,14
i606570399526,14
loadjssuccess,14
33lxvv,14
loadhtmlsuccess,14
daddnewpassenger,14
451706,14
startsendmtop,14
contactareamap,14
13896125,14
visanotice,14
drulelink,14
passengerconfirm,14
askall,14
pm123,14
datepanel,14
clk,14
graphicdetail,14
dlist0,14
i3,14
16,14
flighthometabsingle,14
cancheckinpassenger,14
105,14
paymentselect,14
alphabetindexgrid,14
preday,14
screen,14
9c1rxxp1z,14
rentalcar,14
loadmore,14
openpassengerselectpop,14
screen0,14
gocheckin,14
192,13
dnwtoprateotaclick,13
officalsite,13
clam,13
dnoticebar,13
transfercell,13
bottombanner,13
15,13
2c27,13
jiaoyimao,13
close,13
10000001,13
alert,13
dnormal,13
dhotelota,13
alipaysso,13
orderlistbanner,13
dvipcard,13
customserviceclick,13
fcache,13
addpassenger,13
dcity,13
videocomplete,13
backtotop,13
7437871,13
xtracker,13
12418004,13
fliggybuyrealpay,13
4404643380,13
twofilteropen,13
nearby,13
i592984905345,13
pending,13
6e9yuu,13
1311173916,13
shangkeyouhuiyuanguize,13
pre,13
shop516811785,13
wnesb,13
jcewajz2,13
fliggyssr,13
guangzhouchanglong,13
c7103990,13
hotelitem,13
upr,13
011024004018,13
u9kkh7o,13
is,13
pricecell,13
10483007,12
wangwang,12
amazing,12
ngrab,12
d10,12
ef,12
i692738922036,12
dpaymentmodulegopay,12
k,12
packageshelfhotel,12
zuwciby,12
dpanel1confirm,12
guidance,12
21167101,12
id,12
txd,12
tabclick,12
d6,12
entrance,12
14594812,12
insuranceitem,12
logexposure,12
advance,12
goorder,12
hotellist,12
reservepr,12
1waniaetb,12
h5page,12
nanjingbizhidao,12
sm7nbswsj,12
101,12
renewal,12
8947139,12
42ct5qxd0,12
gjjpcxwtfwdt,12
doraemon,12
nextstep,12
downloadapp,12
yellowtip,12
reserverule,12
i586050433513,12
flightindex,12
d11,12
triplicense,12
cancelseat,12
flightnewpassenger,12
final,12
4gcnwg,12
marker,12
air,12
flighthometabround,12
hotelroomselectcustomized,12
tag,12
2b2dul,12
8292251,11
userinfo,11
13941933,11
1998398719,11
6339757340,11
flighthome,11
shop163180800,11
fill,11
37,11
dosearch,11
pricedetail,11
specialticket,11
17,11
d300,11
item3,11
kingkong,11
117,11
manbugulangyu,11
gov,11
hotelbanner,11
express,11
2018042605,11
izkgusdix,11
i680209691831,11
whexchangeintegral,11
whexchangeintegrallog,11
bustickettuikuan,11
special,11
slide1,11
listcellclickdep,11
review,11
surroundings,11
otacelld1,11
tabs0,11
wz111,11
oversea,11
tpl,11
ddseller,11
fliggytripsku,11
modal,11
2c26,11
transfersqa,11
warn,11
199,11
0064,11
alime,11
e,11
10515085,11
8209286,11
quxiaozhengce,11
mr11,11
95516,11
11000,11
bnzbg8,11
2c39,11
jianfa,11
xiadnazhifu,11
1bq9q6e5d8rplzp2xdmyzs,11
item2,11
guessyoulike,10
2031700,10
seg,10
customerservice,10
segmentfilter,10
dvideo,10
fliggyfaqpanel,10
datebar,10
25,10
8153828,10
tab0,10
060171,10
hotelrelated,10
place,10
6000000001928,10
o1cn01xhwvsy1q74nmeoa8i,10
zfrcxzl,10
zukj3q5,10
p8,10
zmvix5,10
flyingpig202009301316,10
58340,10
fuzhoubizhidao,10
fliggyraxorderlist,10
itemdetailinfo,10
2914398773,10
indicental,10
scanerror,10
20214,10
i644329802527,10
yn,10
dct,10
zuwelyg,10
kunmingbizhidao,10
i627940052306,10
brandhub,10
i694199832732,10
ujeltem,10
i588942503385,10
7b,10
7d,10
2097,10
blockrule,10
dpanel2confirm,10
dtab3,10
blockmyrights,10
dt3,10
dt4,10
dimage,10
passengerdelete,10
refundorders,10
dtab02,10
planerrecommend,10
flightcell,10
suggest2020,10
8094677144331,10
88vip,10
sortpricehigh2low,10
z4ljgj2,10
00316879722186,10
83270549437727,10
898419,10
closesuccessview,10
20216918,10
bargain,10
economicalcard,10
historyopen,10
99768834613626,10
i544747250994,10
41,10
24,10
kyfw,10
tdbank,10
2c35,10
1121386,10
otn,10
2fhome,10
22628554,9
lianmeng,9
disguiser,9
202006021925,9
8019743,9
listflightsearchmutitip0,9
mo,9
travelsky,9
chengduxiaozhong,9
lqitpy3m,9
allcard,9
screen1,9
flighthomerounddepcity,9
applyrefund,9
7437872,9
listcelld4,9
right2,9
drights2,9
clearkeywords,9
dalicangshan,9
cell,9
chengduhecha,9
22430813,9
caict,9
basement,9
2c37,9
103,9
group201703311426,9
dbanner,9
coupontag,9
refound,9
9946115370,9
regist,9
seemore,9
mp4,9
coupondialogclose,9
cloud,9
2019,9
closeghostview,9
cip,9
singlestoreinfo,9
buttonslist,9
newbie,9
stationlist,9
master,9
d100,9
debug,9
simpleshop,9
agg,9
xc,9
sims,9
juneyaoair,9
iteminfo,9
5052572720,9
i694316613851,9
newindex,9
indexpage,9
34,9
memberlist,9
dingding,9
recommended,9
dish,9
2274676,9
bjhqylly,9
21148789,9
receiver,9
domesticflightinfo,9
dialogfetchcoupon,8
shouyoudali,8
guangzhoushouyou,8
tanyangchengbajing,8
c7103575,8
aomenbizhidao,8
pack,8
c3211951,8
i679048703282,8
ca30d28b952fa0135c3c7673,8
reasonpanel,8
109,8
bgentershop,8
expensedetail,8
7482215000,8
tianjin,8
dsingleskucart,8
fansrights,8
463328,8
refreshbutton,8
htdbzuufj,8
dclose,8
dt2,8
d20,8
252083,8
mart,8
speeduppackage,8
loldota,8
merged,8
74297,8
historyitemclick,8
i620925946086,8
coupons,8
xg09c1,8
durex,8
i564232520185,8
n8ueph,8
bumbmn,8
21122661,8
jg1002416,8
216075,8
b2b,8
dtocard37922,8
454227,8
tbspm,8
checkdetail,8
148175,8
shopindex,8
321358,8
fliggytripnewcontactphone,8
shenzhen,8
622439,8
406092,8
retcity,8
and,8
rhrt8nsuu,8
ew5o3,8
i676610034864,8
i44536321420,8
dtabbtn,8
drights1,8
i565944905874,8
hongshulin,8
dnwratepriceclick,8
logistics,8
slide2,8
searchgdcoff,8
zizhanghao,8
up6boej,8
untreatedshow,8
otacelltab1,8
opennotice,8
118,8
2160037780,8
flightnotice,8
item5,8
daidarule,8
listingpoint,8
arrivetimeopen,8
68781,8
drightitem,8
6000000003438,8
mundefined,8
singlebuy,8
b2b201703271338,8
migtf3c8r5rparjppe9mk,8
dt1,8
20486242,8
key,8
444349,8
singlecart,8
independence,8
duihuan11,7
00010048,7
item21,7
21122725,7
20464095,7
bottominteract,7
i695364271590,7
zw3u0et,7
i637917047153,7
011024004020,7
item4,7
chatwindows,7
5716053093,7
f1uxvpv,7
selectbrowser,7
uq6qfaf,7
20986910,7
u92qu9g,7
oau1rg70e,7
6669012340,7
kunmingwanghongdi,7
ugsbj,7
lf6,7
8325362310,7
nanchangshouyou,7
shenzhenhsouyou,7
2c34,7
wzl1d,7
32,7
destinput,7
destitem,7
dexchangeitem,7
0c938003e0e18608d54fdd8e8a7195261d379a0695,7
d03,7
2pni0ceocit,7
net,7
bottombuttons,7
dcomfirmpop,7
d13,7
contextthemewrapper,7
wirelesscrmdetail,7
gdzgqnlytyxl,7
life,7
protocol,7
mdeduct,7
v4z8sd,7
dtext,7
dt0,7
taolijin,7
897269,7
d12,7
hotelcoupon,7
bind12306,7
listjumptocalendar,7
7918074,7
bangzhanghaochoujiang,7
1998943936,7
thisweek,7
i686634889877,7
shop428343957,7
oitot2,7
i675334539011,7
i570844791429,7
39,7
887,7
x4973713,7
606012,7
clean,7
546074,7
661616,7
992303,7
nps,7
263687635,7
dpaymentmoduleitem1,7
685283,7
275783935583,7
dgrid,7
2021,7
onlygdc,7
activatebind,7
end,7
dvipleveldetail,7
feifeipark,7
openorclose,7
operationarea,7
85261,7
flyingpig201802061043,7
clickitem,7
tgcw,7
eg05hn,7
11592241,7
202006022013,7
dinvoicebtn,7
cardextraitem,7
i676270623215,7
topcard,7
2c40,7
passengeredit,7
i595974695717,7
screen2,7
retdest,7
503uijg2hoojw64zs5kq1t,7
scancode,7
ngitqf1ofqiauscz,7
dpickcartime1,7
352776,7
tab1,7
129673,7
dpickcarcity1,7
jstracker,7
04,7
fpt,6
xrkknaack7wk5j3r52yw,6
axdist,6
axintrip,6
otacellxitembusinessorder0,6
fh8jil4,6
gwleeceiu,6
otsmobile,6
shopact,6
dcontactlandlord,6
2prpjdm3cxe,6
i686812773934,6
w,6
detail1,6
timeetl,6
award,6
2v9eocgz5bu,6
4mt572gcs47,6
note,6
firstscreensnapshottime,6
231,6
hjzcuyv,6
i694606904514,6
received,6
ul11ihjmyuyt,6
8y6255ppaa,6
membership,6
jwrdlyv2,6
446215,6
del,6
850119,6
262939,6
flighthomeadbanner,6
ne,6
otsbussiness,6
listhuabeiitemview0,6
mytaobao,6
hotelfaqbottombarcustomservice,6
510717,6
zun4pm,6
c53200691,6
otaclose,6
u9hesol,6
hotelcardnavbtn,6
i670318729191,6
extract,6
qingdaobizhidao,6
i625879745883,6
28,6
hangbiandating,6
zu30jdq,6
1800,6
6000000003922,6
o1cn01aemoec1eqkamugcbj,6
i606252226347,6
2634305,6
3r05xfuq0,6
superenergyexchange,6
dalierhai,6
10671653,6
kid,6
chongqing3dmohuanchengshi,6
011024004019,6
if,6
d201,6
jingneikefuzhongxin,6
traveller,6
oqjnni,6
daren,6
contentid,6
atomkit,6
obly22,6
landlordinfo,6
dmap,6
frequent,6
leave,6
filght,6
zu3bx7i,6
notstayedrefundreason,6
1wv8btxfn3onws6nfbhvqf,6
right3,6
925259,6
317648,6
194401,6
balidaobizhidao,6
doccupancytip,6
mobilesso,6
hotelpreferencesitem,6
hoteldetailshare,6
053199,6
baoxiao,6
8kfoh5y,6
inputlist,6
c4ffc57f62494b2a8abac4577eb2d911,6
videoplay,6
hotelbubble,6
i4827571112752,6
decorateactivity,6
sda,6
zumecbz,6
dibon,6
old,6
passengerpanel,6
goconfirm,6
clicked,6
gotodetailrate,6
aisc,6
deaprtdate,6
u99odmy,6
poiitem,6
shoppingcarts,6
d1bizargs,6
secondgridfilterconfirm,6
ctrip,6
shopmember,6
newlogin,6
mapbox,6
357531944975268,6
5b,6
defsuggest,6
body,6
translateplan,6
21727672,6
2c32,6
dcheck,6
ex,6
2776887,6
26fzdbgtp,6
dfkhgj,6
21017095,6
22name,6
15165647,6
delete,6
37895790913103,6
06908931981388,6
323436,6
11942999999997,6
22code,6
141235,6
22type,6
352717,6
promotionlist,6
12909479,6
hotelratebillion,6
hotelpeoplenumselect,6
22ctype,6
5d,6
mtopver,6
22111373295701,6
solution,6
444,6
activityrights,6
123,6
8951878,6
alilog,6
54843,6
compass,6
getresponse,6
2770186560,6
setrequest,6
fs,6
elevator,6
showprice,6
chattingteam,6
kangaroort,6
kangaroo,6
drule0,6
miniapp,6
548467,6
items,6
standarditem,6
codetrack,6
22091045631568,6
6123524970,6
2c38,6
dopen,6
1215,6
ivchecklogin,6
564074775875834,6
xcommonpanel,6
27898130824137,6
finish,6
durgeorder,6
longpress,6
357716423446746,6
evoke,6
i586167604847,5
i538961575559,5
odn2nl,5
orderselector,5
i612015250512,5
i609667734684,5
ma,5
i666788094418,5
448zob,5
dd20,5
dragontrail,5
minisite,5
bnv1j4,5
postman,5
transition,5
i688428305611,5
7833915,5
i641035206781,5
beijingsanlitun,5
99426,5
993461,5
redpacketcouponlist,5
2c24,5
dmorebtn,5
sellerid,5
davatarbtn,5
prefetch,5
shopid,5
xlistpanel,5
d204746,5
explain,5
67849445,5
9832799,5
logistic,5
drcitem,5
q9yalc,5
ossgw,5
alphax,5
spring,5
cuofeng,5
i662348802141,5
i643818796580,5
2022wuyi,5
i692010999342,5
i595868844897,5
i604158441604,5
x4982149,5
jayjiup,5
mp,5
jump,5
21456890181,5
sdf,5
k7azpw2f6xxx5xej6zcs,5
ifsfkcx4bn82npmj8r3f,5
score,5
21734624,5
yaxi8bn57qxhfqcmywew,5
hot,5
zhangjiajiebizhidao,5
3309,5
66069149764041,5
1999019391,5
7943735,5
932989189577437,5
erd,5
ttt,5
dacitem3001,5
27893338914619,5
pcshaoma,5
shuqiqinzi,5
13649614,5
shangshanchengyejing,5
u9sb7oj,5
06qnmnu,5
564067500066493,5
gtgoupiaoxuzhi,5
26220707585277,5
85882461146681,5
item13,5
intltrain,5
qa,5
space,5
x1998854401,5
lxyh,5
703926,5
yep,5
taocaicai,5
i696327387853,5
resetinput,5
fliggytrippassengeradd,5
451817,5
249732,5
1yp5kw4une,5
z45gmbw,5
i9191224941,5
7873251,5
995555,5
12035950,5
684297,5
013726,5
findpwd,5
2prpjj75rkq,5
57634910477879,5
xzofjchj7,5
552021636797917,5
i695732378268,5
nvzlmnu,5
zfd8pfq,5
locallife,5
3bwfxoxhflq,5
406221,5
21142875,5
mhsn6,5
9bx,5
hoc,5
477236,5
loginh5,5
2pnfcksq5rr,5
bymobilesuccess,5
20211111,5
alartcard,5
daction,5
21136695,5
thursday,5
copyname,5
894704852199567,5
2648670927571,5
presale,5
v1,5
tservice,5
full,5
freshzone,5
contactlandlordpad,5
dexchangebutton,5
priorityno,5
hotelpreferencesopen,5
50784042593116,5
153726232802935,5
grabbind12306,5
act930,5
dundefined,5
12075160,5
childinfo,5
toggleexpend,5
8032119,5
toolshowhotellocation,5
busindex,5
sticky,5
trainlogincardhaslogin,5
sidebar,5
flightsearchmutitip,5
454055,5
25196,5
reselestion,5
otacellmaskruled0,5
fasteditpassenger,5
whlayeredmarketingpopup,5
norbind12306,5
d002,5
otacelltab0,5
trippwd,5
co,5
jp,5
ddate,5
fastlist,5
hotelreceiptrightclick,5
pontus,5
oss,5
aliyuncs,5
selecthotelpreferences,5
discountdesc,5
1999185975,5
dcommentbtn,5
taolivestaytime,5
d210,5
scanhistory,5
listrecommendcelldrecent,5
page195831,5
taoliveleave,5
99e,5
clickplay,5
d200,5
videoplayer,5
627574,5
12075162,5
330951,5
sid753790,5
20205850,5
13942508,5
firstrender,5
13165462,5
4233485900,5
toolarousedevicenavigation,5
5754859630,5
slide3,5
listbarfilteropen,5
ddetail,5
point,5
jdair,5
drights0,5
cardwrapper,5
listcellclickback4,5
studenton,4
dmorehouritem,4
5316282778,4
d18,4
filterfinish,4
fullname,4
contentitem,4
d3002,4
7627764,4
continue,4
de9fyov5jwx,4
current,4
crossstationlist,4
deletepsgs,4
2807930850,4
addresswl,4
backalert,4
tomylocation,4
mycard2,4
headerlayerexit,4
dpoi0,4
fliggycouponitemsku,4
accountsafe,4
wrongpoi,4
vendorserviceinfosection,4
21983453181,4
clicktraffic,4
d0701,4
doshowreasonpad,4
22586763,4
swiftpic,4
starbucks,4
pagename,4
teleport,4
otapoint,4
nextstepsection,4
imagenote,4
n,4
morebtn,4
dlisttitle1,4
jumpplan,4
fliggytrippassengerconfirm,4
ticketmarketingtext,4
20216914,4
hotelcardwrapper,4
kauctiontype,4
info1,4
picclick,4
evokefail,4
9752276620,4
d13m8pth8fpy8,4
onshowpricedetailclick,4
dsi,4
7044163140,4
dpaymentmoduleitem0,4
d2333,4
d101,4
switchroom,4
carousel0,4
dappear,4
sort2,4
7513768,4
mtoperror,4
dolphin,4
dwrap,4
wishcard,4
7513769,4
refundrule,4
ddelete,4
hour,4
goroom,4
morerights,4
copyaddress,4
tab2,4
dwangwang,4
hotel1,4
tab3,4
12448448,4
blockgetrights,4
alitrippromtag,4
dhotel,4
imageshow,4
mycard0,4
energyexchange,4
dtab01,4
kdate,4
dhiscity0,4
barshop,4
footerbtn,4
dsearchrightbtn,4
lick,4
dservicetype,4
day,4
government,4
13149416,4
retdate,4
activitydetail,4
flightdetail,4
22city,4
otacellxitembusinessorder2,4
depdate,4
cardnum,4
days,4
subscribe,4
childticketnotice,4
pricedialogappear,4
attentionstore,4
22590754,4
opengiftdialog,4
contactlist,4
unsubscribe,4
singlelistcalendar,4
dorderurge,4
berthsubmit,4
170,4
6083624190,4
dradio,4
dream,4
d8,4
editpassenger,4
taoliveenter,4
buttonclicked,4
seatfirst,4
imgshow,4
listbarfiltersure,4
filteryes,4
leaveblackboard,4
localgrabentryview,4
slide0,4
881117,4
false,4
529623,4
aviationinsv2,4
183e1iikfxb4,4
180020570000032672,4
wirelesseditmessage,4
rrnotice,4
01020001,4
wcqr,4
selectseat,4
zur295f,4
52973,4
65725,4
657241,4
i5276830529,4
167177,4
column,4
ujsr4om,4
u94li2w,4
39831,4
056601,4
541621,4
822566,4
assistant,4
jal,4
zhcn,4
5fulvf,4
5v4wva,4
shanghai,4
i597251104448,4
i1782205104235637789,4
shouershouyou,4
nanjingwanghongdi,4
offlinepsr,4
changshams,4
i4816771303256,4
unlogin,4
i678533705007,4
i578842767938,4
i669858046017,4
pkxf5y3gl,4
testcase,4
i565269329007,4
i587422534193,4
i586613093518,4
shop310043519,4
shop214450288,4
3236747168,4
i674911564494,4
i696454178138,4
i583373631454,4
0gfbll,4
rob,4
5v20jr,4
45093,4
257196,4
wuliufapshenq,4
bz,4
24907346,4
vacations,4
mystery,4
box,4
fission,4
union,4
memberscollectgift,4
33612,4
624494,4
jingmi,4
596358,4
023348,4
2021002116642262,4
pocket,4
ihelp,4
54,4
import,4
sk,4
38,4
c28mkacmd,4
2ftabpage,4
bsop,4
shuangshier,4
drawkoi,4
68033256,4
zur2zju,4
zurdnxt,4
mobike,4
66209749198032,4
93252493819186,4
57194315564246,4
553637033054457,4
h5search,4
798817,4
017922,4
zu3w6tv,4
monitorview,4
27900683350084,4
564095606221006,4
276269,4
885088,4
22692686993143,4
185933365136208,4
458382,4
b7sky168,4
shenzhenair,4
szair,4
b2c,4
lnglat,4
973216,4
785234,4
trvauthsettingview,4
325446,4
5vlwcj,4
ut,4
2prpjdmh3vb,4
2prpjgmcrzk,4
972579,4
787681,4
dswmv,4
2prpjjuozyx,4
realtimebus,4
732003,4
575901,4
718637,4
582347,4
zuk8o0g,4
992239,4
chattinggift,4
870401,4
635788,4
881476,4
820926,4
12424262,4
groupflightlist,4
058587,4
316951,4
2prphuliam4,4
030649,4
2pnlemw8ocx,4
i622911455039,4
i622883784620,4
xianbizhidao,4
i620221862935,4
c71002465,4
i616611035824,4
b581a9,4
i609863037351,4
8gkb6m,4
i668273976482,4
ubrorg,4
ubr,4
minibridge,4
239962,4
225539,4
zfxtnqy,4
3u2ovvsc9rpzz3ch1ad9e8,4
hefeibizhidao,4
pepnw,4
12029517,4
maplist,4
626778,4
70566,4
670399,4
bao,4
o1cn018yfzoo1bgetkuwmw1,4
itemdesc,4
dz22wl,4
i586940321842,4
15jg9srczzn78yn6vkfdyt,4
1t52kq,4
i3120393170573823215,4
i3121884399544693210,4
1781b61b73d,4
i3128213628263746255,4
i3130409305189134443,4
i3130558309218713852,4
wxcore,4
i4618577690162,4
i682832647534,4
i4786798362319,4
busticketchupiao,4
huazhuhuiyuanjihuafuwutiaokuan,4
i694706428238,4
1583,4
xianyanchuyejing,4
uploaded,4
ethiopianairlines,4
h5cs,4
i627882257226,4
wirelessvalidate,4
wirelessresult,4
lanexmmhb,4
pf3nwfmox,4
hnair,4
i624370630525,4
i627497444419,4
yv03b30su,4
7g1son,4
i629573564155,4
c3290646,4
i631704338102,4
scenego,4
i632603434838,4
airunit,4
90023014655933,3
d2exchangerightitem,3
chengdudibiao,3
1811e34fee9,3
90202,3
drefreshpassenger,3
227561089237046,3
518678204438675,3
overlay,3
54418395095789,3
expression,3
40960700556701,3
faqbottombarcommonbutton,3
8277683725377,3
i684014196459,3
d14,3
dpickflight,3
kefuzhongxinshiyong,3
67445258405832,3
ziran,3
119681379548293,3
capps,3
left,3
i650002803494,3
i3131495245708478943,3
xcommonfooter,3
zukqjyz,3
7gr6od,3
i651162775260,3
carshop,3
dpickcarplace1,3
neighborrecommend,3
directpanel,3
i628258930886,3
subentries,3
rentplace,3
xianggangbizhidao,3
2c25,3
zhengzhou,3
beijing,3
i688590750620,3
5vlmoy,3
everyhelp,3
functionoutput,3
i685149859365,3
zaxr3v,3
d19,3
i684921035494,3
7666909,3
i3131280291872469764,3
dshopgood0,3
d110,3
i3131359383194575364,3
chagedate,3
i625650038741,3
i683152253937,3
item51116030,3
i619136398787,3
14075117,3
waitevaluate,3
mainactionbutton,3
9ujxrf,3
2021002112656146,3
supercoupon,3
6s4sna,3
i627276887448,3
datepicker,3
hotelpreferencesconfirm,3
shelf,3
downloadtaobao,3
d16,3
clupjg,3
dthso,3
byemailsubmit,3
flighttriperror,3
jsapi,3
dhllq,3
dhgrq,3
newdxpackage,3
i655396714430,3
i638615658255,3
fp,3
i4725207533722,3
g1522,3
sanyahaixian,3
dsendplace,3
007873,3
sort1,3
unakrb,3
progressbar,3
listitem,3
807214,3
aplus,3
u87nulo,3
hotdest,3
shanghailaojie,3
nanningshouyou,3
uncollapseclick,3
shopitem,3
huizhoumanshenghuo,3
i694004737896,3
guiyangbizhidao,3
u4z9y3u,3
newcontact,3
x081br,3
dtips,3
dcancelmorebtn,3
i682216571240,3
onrule,3
buslist,3
dateselect,3
callapp,3
275889,3
865334,3
881435,3
dept,3
313831,3
entershop,3
retselect,3
818431,3
chatgoodscard,3
i639727394055,3
251563,3
13446987,3
779337,3
2prpjjsf9kr,3
849485295833464,3
izhnf5zeoshdrdgc920x,3
376754,3
752897,3
morepackageclick,3
426879476135625,3
74242460266674,3
dheaderredirect,3
c51000022,3
z4g5k0t,3
1397935200,3
13395457,3
dcouponcenterbutton,3
583534,3
theme,3
315827,3
902673,3
519017923654285,3
wodekfu,3
2prpji84qit,3
oiczj40cr,3
zuk8jlx,3
459277,3
555415,3
2prpjgkv8oj,3
190806,3
841702,3
067824,3
fav,3
77154964869318,3
54616621630962,3
559788333869786,3
766013,3
554137,3
248547,3
onopentagdetailsclick,3
551328,3
g15,3
discountdialog,3
world,3
helper,3
flyleaf,3
zml5sehdvmelwllskbwr5,3
152471,3
616349,3
spd,3
79854,3
fullscreen,3
options,3
528327,3
565822,3
8487915620,3
21420,3
c2020298,3
21379431,3
3066172630,3
dgobuycoupon,3
mtgvr,3
968665,3
duration,3
26allowsbouncevertical,3
971403,3
fliggytrippassnegerlist,3
775776,3
960344,3
1998854343,3
915949,3
020118,3
940517,3
z4zbs54,3
twoweek,3
c7102665,3
z42w4hp,3
3dyes,3
3dno,3
257774,3
30uyvc,3
23374658037684,3
22625817206745,3
shorttravelsummary,3
panel1option0,3
13891846,3
22domestic,3
7873257,3
270,3
d17,3
7437856,3
c3220682,3
timequerytype,3
088144,3
enablewk,3
barfav,3
arrlist,3
626684,3
22inter,3
091974,3
578381,3
437956,3
494761,3
292329,3
224562,3
5papiwzyvo3quuuxcz0dhh,3
deplist,3
packtype,3
notifypanel,3
invoicetitle,3
729048,3
tripwjourprod,3
5v8va6,3
i695459915310,3
authorize,3
716669,3
391809,3
c921292,3
85934931271811,3
368256,3
ad8,3
826447967728,3
api,3
27337715844942,3
032916,3
05853,3
76399,3
789034,3
393347,3
667477,3
334587,3
dist,3
973,3
707172,3
004512,3
704186,3
981704,3
i695373785116,3
564230466658913,3
27874741606195,3
jarm4cacry4rtrwekjkp,3
xn,3
621823,3
i695959883072,3
jmits1ou,3
dgetcoupon,3
232271,3
hotelgoods,3
89212708453459,3
25470419416783,3
fliggyofficialmsg,3
91481386375903,3
1939079650243,3
qrticket,3
shop499417850,3
zurdx1v,3
56008,3
method,3
54401,3
14522,3
flyingpig202201100936,3
jwpvsa89,3
93695,3
flyingpig201801231336,3
7jpbrt91julw4rvskwcfrq,3
3nmwsmomrtxqr766eamrfw,3
contentservicenewv2,3
beehive,3
1bkzpacnispw7mxnla0uxy,3
swissesp,3
zjcieb,3
265767,3
397094,3
109103,3
370391,3
jxvut7vjt,3
555263764288856,3
73509238386714,3
88651371412995,3
11557706,3
776833,3
button0,3
891384,3
78061883039195,3
8590324681347,3
2049,3
6000000001319,3
o1cn01tp1dfn1lc9ddozo0l,3
21989441,3
qr30,3
12537578,3
c2020550,3
ddialogbutton1,3
21054048,3
11418404,3
411719,3
984129,3
022241,3
20221111,3
649054,3
468388,3
112837,3
321885,3
12037196,3
bizcode,3
pageid,3
ispreview,3
routepath,3
129374,3
45067757621999,3
multimedia,3
959174,3
10913109165695,3
666307,3
876802710340943,3
23603815638079,3
87282997806537,3
24205952518886,3
652922380786418,3
0876990515127,3
600688145989526,3
06499121389685,3
609,3
411,3
56710571151397,3
43959492989615,3
independent,3
621401,3
61867423758463,3
465704,3
serviceinfo,3
6774081138204,3
258678,3
040892,3
9612,3
326745,3
frontend,3
02975,3
i695624441147,3
17gcd9aah3k0,3
carnew,3
81b,3
814,3
956723,3
71575,3
76642,3
sidmark,3
i675681641779,3
zhongqinglv,3
favor,3
dlookup2,3
historychangeod,3
yjrznnu,3
tms,3
tourota,3
dv2iog,3
ns6znnu,3
dtoggleinvalidcard,3
bottompanel,3
showinvoiceappoint,3
i696054535999,3
k2015,3
urgency,3
pym26ou,3
pa14nnu,3
i565980755290,3
815155,3
14382,3
seats,3
hotkeywordsearch,3
i583019986752,3
davatarwrap,3
984749,3
holiday2017,3
85911,3
8708683527066,3
flightsearchmutitip0,3
shop179342414,3
095642,3
listcellclickback3,3
onlinevisadirection,3
flightsearchmutitip1,3
d2fliggyscrollview,3
dheaderregister,3
0u3xph,3
seatsecond,3
eos0qt,3
229382912390534,3
loadmoremessages,3
i587179976770,3
47679576679027,3
wangxinamp,3
719704,3
h1il0m,3
flighthomecabinswitch,3
d204744,3
berthcancel,3
5gqlrr,3
125,3
1511,3
i4798481016260,3
onfinish,3
881986,3
severcardtitle,3
cico,3
uegnxd,3
108,3
dcollect,3
llm7d7,3
branch,3
24208946074498,3
872790368648463,3
investigationmsg,3
824784,3
black,3
957,3
fliggyinstallmenttoggle,3
cancelmorebtn,3
travelinsselecter,3
303196,3
wtown,3
expandrights,3
700683,3
i550295907886,3
mtopunhit,3
filterleftitemd2,3
nds9nb,3
chunqiulvyi,3
mtopsend,3
wuhanwanghong,3
singlelistcellitem,3
nmg8bs,3
rightbtn,3
dcheckenergydetail,3
569014,3
878851,3
5v4ikc,3
22690704,3
i676428987348,3
commonbuttonclick,3
recommend2,2
cleanstarandprice,2
videocontent,2
ts,2
d04,2
depselect,2
postaddress,2
4055432020,2
2220547270,2
13969150,2
20723675,2
6782124630,2
110,2
d2cxkq4yy,2
fsk,2
d129r6zlvmcps,2
21390925,2
dlisttitle0,2
meituan,2
cd8fqstd0,2
cancelcheckin0click,2
alreadycheckinpassenger,2
hotelratediscount,2
d203,2
21187688,2
dlisttitle2,2
ddu,2
findsimilarity2,2
d15rm4lk1r2io,2
84995423,2
ratingclick,2
dtab03,2
4429330,2
dswitchbtn,2
diff,2
cheapprice,2
d112,2
dpopup,2
mile,2
fliggyrealpay,2
couponreceived,2
endorse,2
invoicetype,2
30328,2
dblocktitleright,2
866267,2
99a,2
d400,2
03,2
simpletext,2
20986025,2
144758036550808,2
144754310758763,2
144754500673322,2
11382800,2
dbsp123,2
144755428526655,2
144756338356117,2
submitcomponent,2
144755156366499,2
dsubmitbtn,2
144757306141961,2
7623892,2
detail2,2
listcellorderdepmorning2night,2
severcardxiaomibtn0,2
fusionotaflightinfo0,2
51234007,2
99c,2
7559717610,2
fliggyfaqbar,2
09318,2
316626,2
237,2
listcelld8,2
listcelld5,2
d119,2
detailpage,2
dgoodcard,2
right4,2
recommend1,2
noticecard,2
flighttrippromotion,2
checkagent,2
listcelld7,2
4397256420,2
listcelld29,2
drule,2
236,2
dmidorder,2
interlistnaviback,2
clearcache,2
dcustomerservice,2
listcelld12,2
infowindowp,2
8170336,2
dshop0,2
titlefliggymymile,2
modifyphone,2
extra,2
dpanel3option0item2,2
flightsearchmutitip2,2
dedit1002,2
filtersure,2
tabgroups1,2
whmembersmallcard,2
panel0option0,2
dpopbuy,2
description,2
i1711736930476887327,2
6710499720,2
4825223785060,2
id414581727335690310,2
tuikuanzhouqi,2
18qofmwwxn1nmhf8sv1lrh,2
d11590f38a584f85952beb1a437f5e76,2
id414581739011034150,2
haierdianshi,2
z2viqkvep,2
488123,2
qddjdwiku,2
334997,2
279002,2
31307,2
4s9u1wu3gquq4vakkoz2gy,2
i695813494166,2
5uapc6,2
451211,2
2b5e6953654749068f813984b7c44b17,2
zum2dex,2
428584,2
1negifp7uceoi5vuxmr6pp,2
tool,2
hilton,2
i695225115642,2
322766,2
421659,2
254512,2
469287,2
324989,2
gkjmz,2
167256,2
cpx00286rett8x3gpnlsc94,2
shouqiluyinxieyi,2
yngdlxs,2
auction,2
318,2
smt,2
992672,2
153149,2
5v6jnc,2
shop152349105,2
626215,2
707678,2
710325,2
454247,2
252095,2
54zopb,2
i696476979863,2
4832451162037,2
251429,2
vrw4nnu,2
u7md4ou,2
detailplugin,2
5v79vp,2
18xgfeimg8bk,2
535708,2
308102,2
564874,2
455762,2
451433,2
5u0tlr,2
256074,2
5nz8dv,2
zuohe7,2
i696566355148,2
i696237922374,2
shop293138393,2
shop272092055,2
1sznof,2
fanslist,2
0fwzh1,2
386914399040,2
48mf7v,2
360,2
476337,2
229594,2
zurcgyb,2
util,2
564066716022275,2
27897233129704,2
c3210227,2
c0220883,2
62,2
mi0ynx5,2
guang,2
c0220425,2
2bfxw7,2
qejkgprcg,2
12034631,2
up6sw1f,2
5v8kry,2
c0428455,2
flights,2
baggage,2
c0440530,2
o1cn01gi7xat1awotr99v7s,2
6000000003337,2
discoverasr,2
165425,2
zvffqb,2
d7o6ns,2
i669792202813,2
ebv0ba,2
882036,2
884853,2
342309,2
170892,2
5guii3,2
e1pfcr,2
278715,2
3u,2
5gjzhi,2
ump,2
dju97s,2
i606246021443,2
10837,2
918074,2
1100,2
1128,2
i4,2
18721148357063,2
872676,2
zum3y9j,2
ntnogfmnb,2
efezyt,2
9706215207419,2
191761927637547,2
98099788600919,2
hta516,2
o1cn01lpqrwt1yaogf52fqp,2
20ifs,2
ab60,2
3131981424999430712,2
hengdahuiyuan,2
hnwljq,2
1404929917,2
huazhuyinsishengming,2
568013,2
79047492525045,2
60516286024158,2
i695652953523,2
6000000003075,2
1617,2
2djbajnz3,2
5v7usb,2
761196,2
821681,2
g5012,2
c0023417,2
180020570000031801,2
fxm,2
wwzom,2
6055611440978,2
79088267849548,2
589181,2
785941,2
i695681468012,2
shop70845285,2
43897,2
4ertuau5zxirzjtetimat,2
events,2
222440a8b6651ecc,2
21507,2
fzlvpdaaa,2
zhengzhoulishiguji,2
4gz4c1vcycldtmhhqpkchs,2
zhuhaihengqindao,2
103867,2
82118,2
271938,2
213826,2
271216,2
321,2
0el4kg,2
5vnur2,2
gjjpbxpzfwdt,2
shop124442533,2
af799,2
90016970400958,2
guilinbizhidao,2
66912901999867,2
dabanbiwan,2
hangzhoumian,2
ssbooking,2
showpdf,2
5vs7qf,2
c71004060,2
92023805742409,2
10064,2
77149026400222,2
signature,2
5vr1qm,2
zumeh8p,2
188602,2
053522,2
162093,2
4096774998281,2
54412373021121,2
5v6jmi,2
ttid,2
crosssitedetail,2
huochepiaofuwudatingrichangbufang,2
acz,2
moviemain,2
xiamenwanghongsheying,2
7zgfqmck4nt20kvgmm0naz,2
c3211724,2
227200,2
zumddgf,2
40travel,2
df1,2
d15wwy3b0k08w,2
x1998854396,2
submitunauthorized,2
d155736,2
un,2
2xojdcmevlwrtk9pv5mhnb,2
3owkieo,2
227589935386053,2
cartcleanrax,2
905a,2
ab1,2
8150,2
8c15,2
invoice1,2
4800203790060,2
6y8f9sk4snrvplnoujcghi,2
2883,2
3131075160673941206,2
zu3z3fc,2
zaixianqianzheng,2
zukjeiz,2
zlqq3kaj77iwvcmlq2l1r,2
jjxytxlxs,2
vznotice,2
4828673793905,2
80197732017494,2
4799286102921,2
771469968226135,2
2214235978444,2
zfggz9w,2
965869,2
112402,2
2f13344052,2
shopfollowguide,2
22604256,2
features,2
shopfetchtimeout,2
pzpo4ou,2
200,2
478294058,2
isshoptopoplayersdk,2
65905,2
983218,2
c71002212,2
konglongyuan,2
huoicp1124,2
2juotqngbqktabmebahaj,2
9201580552661,2
454485,2
353r6ou,2
zrinfv,2
zumxvnd,2
6nv94zkpf4wjqgnide4aq2,2
gmxu6ou,2
649228,2
914222,2
247966,2
zumv1t1,2
recharge,2
sim,2
md1byou,2
6khffrxw,2
541913,2
823016,2
6idgrr,2
984111,2
022395,2
45rxtdfrjzpxr6vquwt0cn,2
i14581261274,2
zurd4z6,2
shanghaiwenquan,2
forgotpassword,2
zurdqvr,2
shortvideo,2
i694075350923,2
chongqingbizhidao,2
beijingchangcheng,2
777802,2
changeform,2
beijingyuanlin,2
mos,2
taokeapp,2
taolijincards,2
zukvp86,2
changzhoubizhidao,2
5tpebukrpwduvqievpu7hx,2
replacementticket,2
5vpphm,2
3ixmm0,2
753629,2
leftticketprice,2
initpublicprice,2
1653797016080,2
578d0f2017ad7c525597198fd5b6c1a4,2
1634807661036,2
837ae2bf212a9efed389e9e8a48fe126,2
zumdxxe,2
jiaxingbizhidao,2
zfd02ft,2
u9dhwl3,2
i694426177027,2
ningboshouyou,2
2lhtuv,2
c71001651,2
683855,2
683953,2
sp,2
i3133322139842932535,2
i3127678634832282735,2
i3131985493691909027,2
i683948682047,2
5fcadu,2
i3132602283752558130,2
i683602976679,2
ltjd,2
i39117238825,2
i3126264481532174321,2
715367,2
833527,2
666047,2
83384,2
276,2
wzxm8z,2
5fe6p6,2
i3126373308791893202,2
5vpuqw,2
i45683913280,2
i1785892620915152470,2
i1780057923908336378,2
2prpjcfd4di,2
i1781817602900374788,2
i1784395632117766579,2
i1784634133739173572,2
5vhtxp,2
i1785648505015182879,2
i1786210575855391376,2
2prpjeqwqet,2
i689606248118,2
i1786250928617121477,2
i1786502964414538981,2
5vjkee,2
i689406188786,2
i689335034490,2
5vkjkg,2
ujogp2i,2
w6etxo,2
5m86sd,2
kjpwr5,2
z40om7,2
242634,2
338699,2
194361,2
30542,2
5gevnl,2
5g3t8d,2
i626991349274,2
i3131161851622655201,2
5gxwdf,2
6sc0vw,2
irm1lczei5fcryho90ab,2
zuwwezi,2
wonderlab,2
60ur78,2
i661244584223,2
z41acu,2
i3131075160673941206,2
5fbgx5,2
viploungetest,2
ymxvli,2
i3131683203192334835,2
i3128034060995869303,2
leonidtq,2
ly,2
webleonid,2
operation,2
i686005692053,2
zafgtt,2
i3129168639494553548,2
i3129241104975425543,2
c7102600,2
i3130428744642277533,2
i3130823953897400013,2
zng68v,2
mlogin,2
yingyin,2
vsmcrg,2
i1787315737490672580,2
854782,2
i4763923075844,2
i680754771636,2
c7104072,2
uk4yfk,2
uksfhyy,2
838438,2
036689,2
03601,2
5fxvhm,2
i679512298546,2
i541454296157,2
940443,2
772044,2
967226,2
783066,2
zurwy9n,2
ryysztj,2
m138jm,2
5vo6a3,2
685636,2
i561160912178,2
i4785358519200,2
i4783447125928,2
i543205064441,2
tdmeda,2
i543928322744,2
035882,2
07392,2
tqmwbk,2
644823,2
i680075934123,2
i544925235602,2
ut0u7l,2
c75506141,2
i680110492619,2
i4745637950433,2
i525139347000,2
i522561665963,2
ou799s,2
cpspage,2
zumekca,2
x9zn2d,2
viflk4,2
5vkqsw,2
i1787673543112279798,2
5vlvau,2
i1787839178652691390,2
494875,2
p43lis,2
437988,2
i3087280227416735104,2
uqqmwph,2
i3106541809442426559,2
5vmxdd,2
i688154572330,2
i3113299622034208961,2
ngahz9,2
nieskd,2
i4789821118407,2
c7104215,2
i4828351078447,2
0ajxuy4nifgsyb,2
0ajfailuaofyrx,2
vdgngr,2
5fqmfu,2
q9fbih,2
5fqkbu,2
qn8qxh,2
fph943h,2
oafsya,2
qzu6ku,2
i677026949598,2
rcqjsc,2
i678919133137,2
i531919704947,2
denkm,2
5karun,2
437996,2
k6ksu8,2
531532,2
i590701505812,2
i567896948668,2
904397,2
990969,2
ki5mkm,2
khsf2k,2
5g9tkr,2
i671362511513,2
jue9be,2
227603,2
460394,2
242409,2
497777,2
5gdy6z,2
i580476892196,2
56341,2
12036600,2
i1763267775989047483,2
483656,2
5grabo,2
h3ayik,2
gvhl3h,2
i672061010268,2
glvy1o,2
gdahtr,2
joint,2
536595,2
fjdxbd,2
48845,2
526092,2
frvry2,2
weiquan,2
053095,2
925261,2
confirmorderwap,2
newsecondfloor,2
i676119564958,2
5dtmvt,2
kyag8tt10000w07t,2
d2vc3e,2
i612241262820,2
bgb27u,2
bc7swo,2
i615751531915,2
b48wb6,2
0244e,2
5grkla,2
313892,2
cxvqko,2
eqdzgv,2
e6xwef,2
fuzhou,2
checkindex,2
ek4c3a,2
ejvb1m,2
886713,2
989231,2
405328,2
i617756568993,2
513724,2
405348,2
512454,2
ipsseo,2
i579342715094,2
eyfe1j,2
5gkxbp,2
5gqp7h,2
511553,2
cpvm6q,2
i607865946669,2
chxa1z,2
i667473713623,2
5gqymr,2
i666976722522,2
tbms,2
671381,2
257964,2
666824,2
5gwy6w,2
5gsfsn,2
77u3fs,2
5gsnzn,2
i664132148348,2
i662091407326,2
734829,2
01191,2
040771,2
170997,2
788336,2
i658276122259,2
175pfn,2
2mt5gs,2
i654729444477,2
i644183437021,2
26c497,2
i623080814476,2
342102,2
351544,2
447547,2
427565,2
076868,2
54wzsp,2
i632294661629,2
6y4emf,2
i626476633714,2
5gx4sv,2
2515,2
172903,2
169161,2
297416,2
9v8w0b,2
9h3w17,2
9f69ha,2
5gshaq,2
530132,2
447303,2
043515,2
46456663,2
zuwe0zy,2
4nefaj,2
4klt0l,2
4dz7j6,2
djgr2,2
i642518351968,2
drztj,2
3s0wou,2
32068,2
18668321,2
001677,2
321763,2
988991,2
i641054920057,2
dswnb,2
zu30m8d,2
deny,2
4nqjmi,2
4pqr1t,2
4prv6u,2
i656988983921,2
s21,2
i644661356852,2
zu30cq7,2
zu30exl,2
2oe56n,2
0rxxpy,2
i653276581362,2
0kvfeb,2
i652259744176,2
i647933364456,2
1455278464,2
ikc,2
kc,2
i635908864927,2
flycua,2
poilistscenic,2
protocolselected,2
i586493510704,2
tokefu,2
d30,2
domesticflightlcc,2
clickproduct,2
13330337,2
domestictrippromotion,2
skushelf,2
packagedesc,2
tbcouponhome,2
newpassenger,2
6f1uxuoxa,2
dtab12,2
3b6k2v2et,2
24dkh02tf,2
pit,2
5619456073,2
5345568002,2
47,2
c3212367,2
senditem,2
privatetap,2
kefulive,2
10672250,2
getcouponbyfollow,2
drecitemamap,2
14523833,2
shipbaike,2
doshowrule,2
userange,2
travelticket,2
fbbar,2
hotel4,2
d15,2
4339115,2
dmenu5,2
lppage,2
gotoshop,2
dmenu2,2
coupondetail,2
iflightlist,2
panel2option0,2
wechat,2
63,2
c7104778,2
teamgift,2
dcostdetail,2
noplanitem,2
icip,2
drb,2
20000,2
1630665070,2
57,2
5885161160,2
3906890610,2
7945176490,2
filterbar,2
dorder,2
46,2
cancelpay,2
18099,2
c75506166,2
usecalendar,2
dpanel3option0item1,2
gomileage,2
talks,2
9826876840,2
lookmore,2
dgyl,2
9559090580,2
2877486930,2
43,2
dtrainstation,2
noresult,2
177285,2
22045925,2
d0redpacketitem1,2
zh,2
dpanel0option0item3,2
12306mage,2
lotsmall,2
13195707,2
c3260475,2
flightairportsearch,2
1998483972,2
opentrainpage,2
hotel2,2
001,2
ddatalist,2
goodsitems,2
7118906650,2
d140sd0t9pw8w,2
longpressclose,2
pin,2
tickettypeshelves,2
ohter,2
22country,2
5615499650,2
22th,2
multicart,2
couponnew,2
dhouritem,2
paste,2
dmockd,2
5301215210,2
dclosepop,2
dopenhistory,2
folded,2
longpressshare,2
whcouponpackage,2
220467133638,2
yellowtipclick,2
12109255,2
picturepreview,2
consignee,2
listcellclickdep1,2
d3fliggytitlebar,2
listcellclickback7,2
d1tabbar,2
imagescroll,2
listcellclickdep2,2
pricestarreset,2
flighthomecabinconfirm,2
errshow,2
info2,2
d1fliggytitlebar,2
listcellclickback5,2
dpanel2option1item3,2
listcellclickdep3,2
listcellclickdep4,2
dlargebutton,2
listcellclickdep8,2
dlevel2rights1,2
fliggyfaqbottombarcommonbutton,2
filterleftitemd4,2
drecommendbanner,2
ditem3,2
d13ljob7udpeo,2
61790425,2
8186107,2
voluntary,2
secondgridfiltercancel,2
minor,2
showdetail,2
d9,2
newmembercenter,2
arrivetimeselect,2
50,2
jixing,2
d21,2
dconfirm,2
gotodetailhome,2
openinsurancelayer,2
insurancesection,2
210535,2
mt,2
13864918,2
switch,2
peoplenumer,2
evokesuccess,2
listcellorderbacklow2high,1
historysearchback,1
others,1
22045082,1
apple,1
d0header,1
dusecartime1,1
dstartsearch3,1
dmember,1
1001,1
suggesttableviewcellidod0,1
4854156740,1
flexui,1
choosecity,1
d2tabbar,1
d2fliggytitlebar,1
item23,1
dmenu6,1
onclosemorerulesclick,1
morerulesection2,1
listcellorderbackmorning2night,1
specialitems,1
fliggyflightotabaggagedetailview,1
attention,1
two,1
adt0,1
otacellmaskruled2,1
otherslist,1
otacellmaskruled3,1
dusericon,1
8780249850,1
dfollow,1
12941559,1
darrplace,1
gomy,1
12441708,1
marketauctions,1
dtip,1
dreturncartime1,1
dtab10,1
otacellxitemtapd4,1
dlpitem,1
otacellxitembusinessd1,1
listcelld9,1
ecitem1,1
pricelth,1
trendtab,1
depcity,1
listcelld15,1
listcelld14,1
666product,1
bookingec,1
listcelld13,1
listcelld18,1
remove,1
citynamenotfit,1
historycelld2,1
listcelld11,1
lpitem,1
onrentstoregotomapclick,1
singleotacellorder,1
depdest,1
dreturncarcity1,1
historycelld3,1
otacelld2,1
listqijianitem1,1
fliggyflightfuseagentviewcontroller,1
backtop,1
shopcard,1
mdd,1
otacelld4,1
dgotodetail,1
intlflight,1
d1exchangemore,1
d0exchangemore,1
good,1
d0btnstatus3,1
k2016,1
d0exchangerightitem,1
everydayaward,1
morerulespad,1
dcopycode,1
rentstoremodel,1
drights8,1
hotel13,1
hotel11,1
filterviewshow,1
listcellclickback10,1
selectservice,1
callout,1
hotline,1
model,1
dlist4,1
dlist1,1
dlist6,1
dlist3,1
cabin,1
onyellowbarclick,1
agentflightsearchmutitip0,1
agentflightsearchmutitip1,1
dglobal,1
calendartab,1
drights4,1
drights3,1
listcellclickback9,1
drights14,1
dnextrights2,1
dnextrights1,1
dnextrights0,1
dlookup101,1
hotel14,1
hotel15,1
hotel20,1
hotel3,1
closemapbtn,1
204746,1
dbasicinfo,1
dclick,1
viewmore,1
13843745,1
awardwrap,1
severcardxiaomi,1
djoinbtn,1
204744,1
tailormade,1
drecitemiosmap,1
14953659,1
agreementprecheckpop,1
noclk,1
text,1
topbar,1
dtopbar,1
checkcomment,1
hoteldiscountbillion,1
registersuccess,1
hotel8,1
hotel7,1
hotel6,1
hotel5,1
dlookup1,1
listcellclickdep20,1
mycard1,1
dbtncontact,1
dleft,1
hotelrefundrulesinfo,1
hotelroomselector,1
hoteltips,1
7628804,1
919,1
fictitious,1
onopenmorerulesclick,1
morerulesection0,1
morerulesection1,1
145567,1
interact,1
5597865990,1
trafficpassengerdialog,1
hotelrequirementnotice,1
400000,1
dbackbtn,1
200000,1
dshutter,1
periodpickerselect1,1
periodpickerselect0,1
datepickerconfirm,1
addresspicker,1
onsearchoptionclick,1
yellowbarsection,1
dright,1
c1,1
listcellclickdep31,1
acrossshop,1
listcellclickdep5,1
listcellclickdep7,1
dlevel1rights9,1
dlevel1rights3,1
dlevel1rights2,1
filterleftitemd1,1
filterleftitemd3,1
filterleftitemd5,1
flighthomeflycard,1
dlppage,1
trackinfo,1
departtime,1
clickmenu,1
icon,1
dmainrightsclick,1
4193413520,1
ticketitem1,1
videomute,1
videowindow,1
clickcell,1
xitem,1
xitemcancel,1
dhuabei,1
flightlcc,1
historyline,1
videofullscreen,1
biopay,1
dmenu4,1
changebedtype,1
localstorage,1
hotelpassengertip,1
panel,1
21074743,1
m2n,1
l2h,1
starfilter,1
1998854379,1
jiezhangjindu,1
item16,1
item12,1
fastsearch,1
item7,1
dquestion0,1
interlistroundfirstnaviback,1
d191,1
rightclick,1
taojinbi,1
itemlist,1
roomoccupancyselector,1
willdeletepassenger,1
longpressnear,1
deletepassenger,1
trafficpassenger,1
resetresult,1
dcancel,1
flightinsurancedialognew,1
amont,1
amount,1
stayedrefundreason,1
interlistcellclicked,1
sel,1
dlotterybtn,1
12879710,1
tripflightlistintellrecomclick,1
d185,1
d183,1
d172,1
milefliggymymile,1
carousel1,1
dgoback,1
tooldkempty,1
dpkgflightblock,1
2814094,1
8285255,1
dexchangeenergybtn,1
dexchangeitem5,1
overflowexchange,1
dnoprivilege,1
3541361,1
8349079,1
roundlistcalendar,1
3pe4cdsez,1
backnav,1
d120,1
right1fliggymymile,1
d149,1
11361355,1
d137,1
d136,1
d134,1
d126,1
d121,1
d117,1
mysign,1
2776720,1
dcalendarclick,1
dcityselect,1
d140,1
d130,1
d115,1
dlooknotice,1
addoreditpassenger,1
oncontactvendorbyphoneclick,1
144751978356302,1
4438393,1
scanalbum,1
d534774912113,1
x594955,1
d641139603124,1
longteng,1
13237406,1
recitem0,1
findsimilarity0,1
djoinjourney,1
144751986206302,1
miniprogram,1
planlist,1
card0,1
dapplyright,1
dhistorybottom,1
getcode,1
dphone,1
d10821058177,1
klistpanel,1
kdist,1
pricell,1
d155622,1
version,1
dmenu1,1
privacypolicy,1
djumpaction2,1
fingerprintswitch,1
d204743,1
cleanhistoryyes,1
0700,1
d24,1
7268,1
7892,1
deadline,1
7871893,1
d56059479,1
dquestion4,1
recitem4,1
sendsms,1
12023022,1
144757928495809,1
d019,1
d05,1
d02,1
d010,1
d00,1
144757424035042,1
144756966603759,1
144756876079818,1
144756146481197,1
144756082746412,1
144755726163057,1
144755418028458,1
144755140566499,1
144753880751197,1
144754342118763,1
144754612638723,1
8950250,1
carlocation,1
navigation0,1
houritem,1
hourroom,1
trainreturn,1
basic,1
chattingcoregameplayfixcardclick,1
144756630396875,1
144756432150978,1
144756408550978,1
144756350236117,1
144756214755764,1
144755696473701,1
2676941,1
dserviceassurance,1
dmapjump,1
d02a,1
8769363,1
filtertraintypeclick,1
dpanel2optionlist4,1
dpanel2option0item4,1
dpanel2cancel,1
dpanel0option0item0,1
dpanel2option4optiongroup1,1
dhotcity8,1
dpanel2option4optiongroup1item1,1
dpanel2optionlist1,1
dpanel2option2optiongroup0item5,1
applet,1
chout,1
dhotcity0,1
dcitylistc,1
crosscard,1
dpanel3option0item0,1
dbuy,1
2274667,1
dpanel2option1item5,1
dpanel2option2optiongroup3,1
dpanel2option2optiongroup3item0,1
dpanel2option3item5,1
fliggymemberswitcher,1
dbuttonlist1,1
speedup,1
dpanel2optionlist3,1
analysis,1
dpanel2optionlist2,1
dconfirmswitch,1
cancelorder,1
editphone,1
hoteloccupant,1
hotelcancelpolicy,1
fliggyhotelroomselectorpoplist,1
sellermore,1
showpop,1
buy2,1
posttype,1
itemcell,1
12050162,1
navitem1,1
37613,1
37607,1
dtab00,1
dgo,1
3053580880,1
14552895,1
d15w6ex6bx98g,1
1161121070,1
22283168,1
d15wr2nz258zg,1
9842706230,1
d13ljp3zwlt40,1
flightcontactadd,1
togglehorizontaldoublecheckbox,1
standardmore,1
dpoi4,1
hotpoiincountry,1
dquestion5,1
22591885,1
toptip,1
dorderquestions,1
amapapp,1
ditem0,1
gulzjnew155610cart,1
dselect,1
dbmap,1
applistpanel,1
13804216,1
2963781,1
calendarentry,1
dtabs2,1
onlyhavetickets,1
dbd0,1
2560760520,1
hotelalipayrights,1
878,1
dmddgd,1
fusionwebhostcontroller,1
9656144340,1
8312943700,1
8135327170,1
6410384080,1
changeticket,1
2019xixishidi,1
showdialog,1
22170494,1
67,1
5555525460,1
13803311,1
128876380944619,1
40315,1
d22,1
dkeyword,1
d23,1
8263909650,1
8043857270,1
showcheckdialog,1
test2,1
9223675,1
dcloseenergypad,1
triph5detailviewcontroller,1
addresslist,1
creditcardlist,1
invoicelist,1
passengeraddbyhand,1
comments,1
storeinfo,1
dayfold01,1
day01,1
noticebar,1
busdetail,1
chosepsgsr,1
7121609410,1
firsttab,1
discountdetail,1
pricedesc0,1
70,1
item56454840,1
item53304014,1
theme2,1
invoicedetail,1
gyroon,1
deleteguest,1
dapeibao,1
servicetimeinfo,1
brand,1
137,1
hotelmemberrights,1
jumpallitem,1
fliggyshoprecomd,1
fimageview,1
supportshop,1
2313453770,1
playwithyou,1
d211,1
pressed,1
d103,1
d102,1
d230,1
60,1
36,1
42,1
48,1
49,1
52,1
77,1
fliggyitemdetailomeganormalclick,1
flightnotifypanel,1
goodslist,1
replayenter,1
timeshiftlength,1
40153,1
i585859612544,1
4831974049146,1
4825308583513,1
4824784262763,1
4824746991566,1
4824709875381,1
4824708361714,1
4824702493426,1
4824702273979,1
4824383830380,1
4824382459305,1
4825226525520,1
4825304481400,1
4824381702515,1
4827752943654,1
4824983317160,1
4827752428811,1
4827718663087,1
4827718290935,1
4827679322146,1
4827678910759,1
4827676785620,1
4827674824372,1
4827674637611,1
custom,1
1571192229373,1
4827672922435,1
4824789115087,1
4825022102526,1
4826140057880,1
4825101891560,1
i4328569308080,1
i4650527213729,1
i4695909065114,1
i4698794078461,1
17lai,1
5fub36,1
zur2gq9,1
4825187808894,1
4825148805890,1
4825108486246,1
4825107379370,1
4825101448152,1
4825022699229,1
b,1
adapter,1
4825067718231,1
4825062848757,1
4825062681948,1
4825061525560,1
7406759,1
1998410410,1
9575,1
4825060899490,1
4825023736996,1
4827199921386,1
hardcore,1
037039,1
4822989554903,1
4823389854751,1
4823387192113,1
4823349192886,1
4823344933372,1
4823344740979,1
4823265565907,1
4823188672811,1
4823027326323,1
4823026234961,1
22hkg,1
22szx,1
4822988316954,1
4823425902402,1
4822987338120,1
4822986866995,1
4801280220275,1
4800887038288,1
4800687397064,1
4800684911064,1
4800643281192,1
4800605013501,1
4800602819458,1
4800522416375,1
4800404866741,1
4823422954716,1
4823427117833,1
smzdm,1
4825468028079,1
e7e98445c2688df1,1
yh,1
5337,1
69667390,1
14763,1
5329,1
grain,1
uboxol,1
userauth,1
4825665956345,1
4825589301164,1
4825461774200,1
4823505802873,1
4825389910163,1
4825389767997,1
alone,1
4825387906683,1
4825383666103,1
4825381607127,1
4825380003100,1
4825309908998,1
4824382187145,1
4824381349650,1
4827758195270,1
i39560045517,1
i3133204635227692037,1
i3133091487580128438,1
i3113981101802667506,1
i1787204318768455696,1
i1787385471918951897,1
i1787541243583070499,1
i1787728765205983872,1
i21969591816,1
i27361256635,1
i523225184769,1
i2904229405564236901,1
i3100611276490406532,1
i3110767742782346618,1
i3113134885202103820,1
i3119521356328195322,1
i1787012870226496294,1
i3119529600500433826,1
i3120319875242403005,1
i3123086905134419001,1
i1786214316298648795,1
i1786039071372147279,1
i1785462063543751170,1
i1785047271074215599,1
mscf1,1
keyfocus,1
34511,1
direction,1
i1787014201992336277,1
i1786918585709287390,1
i3132291206828569508,1
i627153457767,1
i618547518957,1
i621057342064,1
i622302590355,1
i623228532963,1
i623403770479,1
i623542237909,1
i623924926014,1
i624317904792,1
i624929568015,1
i626255371874,1
i626313507632,1
i627153767717,1
i1786715509183997493,1
i628414515426,1
i629553082349,1
i630695690045,1
i631243214211,1
i530779962729,1
i525105027580,1
ocs,1
sichuanair,1
any800,1
echatmanager,1
i24855596522,1
broadcast,1
1230739226413,1
zur29to,1
i3129059810938631464,1
i4820586495705,1
i4821678779089,1
i4821732883566,1
i4822945566870,1
i4825021628130,1
i4828990425724,1
i4829794107695,1
i4832051562553,1
i4832699329671,1
i4770582932479,1
i4758447714400,1
i4738568352504,1
eknow,1
i3129846192437850647,1
i3130521372719560606,1
i3130808760745867109,1
i3131032646029103252,1
i3131143380843071116,1
i3131514650468034644,1
i3131842394779478943,1
i3131876630274762425,1
i3132143067854377325,1
i3132180721192605442,1
i3132184142857489036,1
i4818149588331,1
i4805370407128,1
i4800567892828,1
i4800409043486,1
philanthropy2022,1
n45tyrxrh4bas7aw3wk3,1
abchina,1
mpay,1
mobilebank,1
ebusinessmodule,1
barcodeh5act,1
i1713689474068772787,1
i1752655946156887374,1
i1778401383416555183,1
i1781894786239173684,1
i1784023357955300297,1
i1784993412256251699,1
i3123558828110116542,1
i3126326510279355427,1
i3128189258580722615,1
i4763418789062,1
i4772371867165,1
i4775190953225,1
i4786146334199,1
i4789692975529,1
i4789747781337,1
i4799367838754,1
4823464151438,1
4823506097250,1
4824380349060,1
4828952760380,1
jinanbizhidao,1
jinanguanquanshengdi,1
jingdiangangpianqujing,1
4829032022417,1
4829030476905,1
4828995921521,1
manguwanghong,1
4828995494510,1
4828994573020,1
nanningwenhuaguji,1
4828992667608,1
4828910571808,1
hefeihuizhou,1
4828712933106,1
4828678490676,1
4828676771109,1
4828675111002,1
4828673298421,1
wuxibizhidao,1
4828671763591,1
4828670874886,1
4800286095156,1
4800283327958,1
4800209399513,1
hefeishangjing,1
4829036963226,1
4828232655646,1
4827835962499,1
woyaoxuanzuo,1
xghkgs,1
4827993434280,1
termsconditions,1
kngoupiaoxuzhi,1
4827992272912,1
4827919965820,1
4827913879907,1
4827875202440,1
4827837576309,1
4827836456961,1
4827834106435,1
hangzhouhanfu,1
4827798740890,1
4827798210856,1
4828512998193,1
btrip,1
3rtdt3xhrdtnyn4erpiq,1
4829152987558,1
4828670497589,1
4829071011380,1
guiyangqiannanyou,1
4829070991168,1
4829070155935,1
480254,1
2556,1
312113,1
626342,1
435351,1
632013,1
142033,1
629334,1
410212,1
794967,1
489755,1
875359,1
542142,1
854404,1
790093,1
790098,1
064556,1
625908,1
215216,1
105637,1
234265,1
735992,1
571154,1
635638,1
302987,1
878635,1
302669,1
879158,1
090542,1
191261,1
123607,1
083917,1
81471,1
101505,1
76122,1
106585,1
851633,1
588932,1
724584,1
013041,1
859094,1
095868,1
870779,1
566961,1
648014,1
2c33,1
613048,1
950747,1
056773,1
813948,1
023921,1
968072,1
028361,1
083368,1
130072,1
4827995712863,1
4828234881146,1
redpackets,1
4829355713140,1
4830555911703,1
4829710444181,1
4829676602427,1
4829671655203,1
4829670033873,1
4829632424418,1
4829398165011,1
4829395021219,1
4829394813295,1
4829392771100,1
4829357358337,1
4829317355179,1
4827757466717,1
4829311003806,1
4829310345307,1
4829277833199,1
4829276372886,1
4829275399602,1
4829270881100,1
4829239500979,1
4829238956754,1
4829237439896,1
4829237316763,1
4829235556571,1
studentsnotice,1
4823508687181,1
xyzkk,1
4823828945877,1
4824347981380,1
4824347770106,1
4824346317421,1
4824342726254,1
4824341002257,1
4824304979089,1
4824302226818,1
4824260881721,1
4823984803254,1
4823983351789,1
4823864204658,1
4823823162188,1
4823509195820,1
4823822189357,1
4823786541415,1
4823786309415,1
4823785688326,1
4823783398625,1
4823749268877,1
4823706527980,1
4823701637229,1
4823662581178,1
4823628710288,1
4823622182250,1
4829232346669,1
4829231141100,1
4829159630038,1
4827795600591,1
dianjing,1
4829831868152,1
4829799347393,1
4829794049571,1
4829792810853,1
4829790703295,1
4829756745998,1
4829752618069,1
4829752120676,1
4829153294922,1
fuzhouhaidao,1
dailypromotion,1
dabandongman,1
frg,1
4828511809702,1
4828476865761,1
guojiijpiao,1
zhijixuanzuo,1
guojiipiaoxingliwenti,1
4828476536056,1
4828476479035,1
4828355607556,1
4828272483900,1
4828236786829,1
4829837370834,1
4829871692676,1
4829874995522,1
4830150622169,1
dalianhaibianwanshua,1
4829156112906,1
4829678647219,1
4829712467763,1
4829153242763,1
4829750064221,1
4830474280998,1
4830391859062,1
4830391301480,1
4830353574042,1
4830277635681,1
4830274072170,1
4830197088837,1
4830194086054,1
4830193874602,1
11001,1
8000,1
4830190091146,1
4830157075126,1
4830155831703,1
etax,1
chinatax,1
4830151751011,1
i617827992032,1
i631937551950,1
i617762585130,1
i695081377064,1
i693921648131,1
i693996518332,1
i688945862690,1
4833133952353,1
zu3ausv,1
zu3yzgc,1
i694198811534,1
i687869170790,1
i687831626422,1
i695072825445,1
i695074693063,1
4833255465890,1
i693082791025,1
i675429247272,1
i675179117973,1
zu3z8p4,1
zu3zzvj,1
i672867412618,1
i695708770137,1
i672036238296,1
i671935526669,1
i650899630761,1
i671486702480,1
i671247854362,1
i693819131378,1
i692943011107,1
i694680340116,1
i689425272103,1
i683017935664,1
4833453451683,1
4833937411669,1
i694793563351,1
4833972247062,1
4833452512572,1
i681782938693,1
i681523216072,1
i681462515312,1
i687393468860,1
zu3bjjm,1
i692520294607,1
i687746816801,1
i691872996065,1
zu3bslj,1
i691823240075,1
zu30tqx,1
i691595037238,1
i691313803623,1
i691305251229,1
4833650782402,1
i692660251808,1
i692681445767,1
i692749394145,1
4834093959334,1
i670263798427,1
i692447283367,1
i689184747744,1
i695623176939,1
zuobuwo,1
i677198298429,1
i695498781547,1
i676964653872,1
4833258560203,1
i676856876765,1
i695544158225,1
i676715468237,1
i676488715798,1
4833255749475,1
i650634764087,1
zuoz4sh,1
8zoyvjgzf,1
3tjrlkxabr7,1
2ct0hv47xn95d0j3ypxnub,1
2rcvmqxyp7ef7kgs2zapqf,1
0diienjtcnqhr5vqi41ia,1
m6acodnko,1
agzqdbegv,1
atqcoe3et,1
kwvma3ju4,1
publishscan,1
8aev,1
i677599296021,1
i677621978279,1
i678043084445,1
i678058310074,1
4834096004602,1
4834290115008,1
4834334286192,1
i696069407236,1
4834495543957,1
zu3zs5e,1
i669773349146,1
i669223270467,1
4834530367186,1
i668812118072,1
i668358703400,1
i676336641435,1
i679988801217,1
i677599500021,1
i679897563335,1
i678915534818,1
i678852476793,1
4833974840635,1
i695355566205,1
4833978160538,1
i678765641666,1
i678400422323,1
i678294350238,1
4833935348127,1
i684409443124,1
shop569422627,1
a2159r,1
1670309341512,1
389555533743,1
suid,1
52b93015,1
e813,1
44c2,1
abfc,1
447d96cfc316,1
sourcetype,1
239ae7941761640a4b3a4c4170b47de1,1
crt,1
13376460,1
xn4vqydbggydajkuu3u0bkja,1
abtk,1
commoninfo,1
tk,1
vjvgv2rxyzh1mfa,1
3d,1
cpp,1
shareurl,1
u8b1ugc,1
bxsign,1
scdxogp,1
gqdtpnlder2sa,1
21380790,1
i665281850471,1
zu3zje8,1
333708664227,1
2985601233,1
360986384,1
zu3zcrv,1
zur1sj3,1
i651675379035,1
i653507901864,1
i660106907767,1
4833130089092,1
i653286143254,1
4072450351,1
231533665,1
i654307981307,1
i655302399377,1
zu3zevu,1
i655636896472,1
afteriv,1
playcore,1
groupchallenge,1
4833136526863,1
363314757001,1
i663784931877,1
i656481408389,1
4833253707918,1
step,1
eb,1
dcqvt6wq7bh5evrraq095pwi5pimltem4,1
tqxfkc2sx,1
i685476986124,1
hotword,1
2184007605,1
113824515,1
i666115080269,1
i660739224749,1
i692137014674,1
i696530243684,1
z4inihu,1
4833615216905,1
i685582291640,1
4833610635891,1
4833692530780,1
yybylma0h2nefsi0jsw6,1
i685309753518,1
4833458201218,1
i694486170198,1
i694514973482,1
4833694176572,1
zu3a1gk,1
boom,1
tinman,1
marketing21,1
i684878398112,1
i684566413759,1
i661681065331,1
i654381561952,1
i665823984807,1
general,1
txoc3rdxgb2frcptaac0lpktwkig9quaezseer4a,1
chrome,1
templateid,1
sqfznysilvntoeovwtzq,1
channelcode,1
pushid,1
2902,1
contentguide,1
fliggycontent,1
scm,1
1007,1
32037,1
190338,1
299734,1
2444512153,1
propertyparam,1
22detailsrc,1
22fliggyrec,1
frk,1
wkrd299734,1
i661872022211,1
fuzzysearch,1
tripbp,1
4kcy,1
shop478554590,1
i634394994450,1
headline,1
c7102599,1
c7102598,1
c71004200,1
308,1
c57301012,1
c57100939,1
12031119,1
c3290698,1
c3290369,1
12035999,1
c3211612,1
c2221088,1
12019538,1
2022chunjiedacu,1
1600759725883,1
a967930f19d126dd8b2beddfa9e6c670,1
i600296784557,1
i586717250446,1
i589173795629,1
i589909070060,1
i590502780649,1
i593346488115,1
i597851603829,1
i600043784671,1
c7103218,1
c7103227,1
25783,1
61cdcmtv,1
12036357,1
c0621965,1
23814,1
c0410182,1
12029752,1
c0026038,1
douyin,1
kdsapte,1
rl4tu,1
6z3eix,1
6xyjrj,1
5i6vhu,1
c221301,1
57uxma,1
4xhwdchaaexvju04x3d8r8,1
4skfa4,1
3fuyoujgq67sqnwdqwg3gi,1
2vmlm9,1
2gfmza,1
1domcwui,1
1s1c6d,1
c0820141,1
309,1
12002563,1
i600335398068,1
i529798901515,1
i600945854623,1
i642217976538,1
i576021958375,1
i583125062659,1
i610221249109,1
i614134729446,1
i617103992855,1
i634874461730,1
i638404680772,1
i639399111934,1
i640184122091,1
i641018298809,1
i641356387219,1
i642363089060,1
i601036784268,1
i642761468272,1
i643825149321,1
i643851929317,1
i645332513553,1
i645550888765,1
i645594353165,1
i646038926629,1
i647103145287,1
i647221662942,1
i649013437157,1
i636004252604,1
i575967374753,1
i575918957694,1
i572759584197,1
i571670374128,1
i603628221613,1
i604278615501,1
i606812785938,1
i606888459816,1
i608014760240,1
i608933985106,1
i609262987123,1
i586381252333,1
i585063203240,1
i583743391649,1
i531697074331,1
i539798858409,1
i541031422724,1
i542300307486,1
i552885862714,1
i558241217279,1
i558276878959,1
i559049028952,1
i565522090431,1
i565950450668,1
i566285667960,1
i567358006467,1
i568925853029,1
c0850490,1
c7103960,1
shop353262910,1
request,1
1114763,1
i650063134178,1
1039,1
dzht,1
ynsn,1
afcdks,1
fkx17028qwdmvs5namwpe35,1
2214673369151,1
7f2ccedf3d2a4e7586097f3bff9dfbb2,1
id41457517608572992,1
remote,1
helpcenterindex,1
3igbaev,1
ume,1
indie,1
65owom,1
5xszwtlv,1
z2hnpfi,1
x3x55ou,1
tup79ou,1
brtr6ou,1
abl36ou,1
zseomnu,1
mjg36ou,1
shop104836508,1
w4aqcev,1
applypage,1
2lwm1rfjgmvur0xlbdo2kc,1
shop295469091,1
shop126058063,1
shop122369019,1
3fsx0trsxymvfx3vxqu5wc,1
47vn0lykxstnqw5dqxgien,1
5blbckgg3jtgzqujadoai2,1
2hodohzpg4baf7ulunmxq3,1
43vgtmkg9zxxvbiyrcvgen,1
43ioig3hai68jh3urvtcls,1
3hlznsbwrdvxlhxrgnwivt,1
3bfcwo0hhokf4h2xfnyith,1
2lkzchlsqdfv2dnpzrfgci,1
60809,1
2mjbizkjx6qzuechqcg6wg,1
2gurzgxb9rvh2qd8qtdwmr,1
218gojeqrkvkp5cely43xq,1
1rukxplxqgqjhm81lifjkn,1
1qgxvi7kmwyrralio8ebyk,1
1weulynkkzzme7yuvjbcrt,1
tst,1
wxdwinfo,1
php,1
easytouch,1
tmall201801031144,1
lgup4ou,1
erm37ou,1
tdetail,1
12029885,1
02,1
ida0rlgb4e10000m07v,1
wap,1
vt,1
sm,1
ncovinfo,1
riskarea,1
visitbeijing,1
pano,1
23817,1
c722109,1
ybsjyyn,1
11000259,1
favorites,1
sellercontactinformationvo,1
wangwangurl,1
land,1
zm,1
zmxy,1
jdjlttou,1
ycly,1
1569289571,1
xyk,1
cebbank,1
13ksvs,1
leza2mhe2zymryw79xk,1
wfu6nuy7xkovatx6dwdh,1
wcde6da701f1ccb062ec1237c36c8f5b63ed,1
539,1
zone,1
jth8rjeg,1
18m1fxoitdog,1
180020570000034040,1
5pvsicc6n4mgwijjcsvc5u,1
uboxgame,1
game,1
20105785,1
icebox,1
123peq9p,1
sxxv9yvefxycrw,1
u9ycj,1
luckyair,1
onlinecheckin,1
detr,1
chevrolet,1
monza,1
ana,1
information,1
airmacau,1
work,1
ct,1
338764,1
339876,1
bknnd7,1
zumx9ch,1
5v9lrb,1
5vl32g,1
5vmat7,1
5vmvwa,1
5vnq41,1
5vnxga,1
znbkxo,1
zkacky,1
zumwfdt,1
zkckhe,1
zumws9v,1
zumxi2x,1
5v8tec,1
4832857434077,1
zumcz1g,1
zumdypw,1
zumddcd,1
zumddq8,1
zume8nr,1
4832855531560,1
zumepxk,1
4832854822767,1
4832777524620,1
zumevg9,1
5v9mgr,1
5v8kyr,1
zvx5awz,1
55ghls,1
zuk7wi2,1
zumwtqb,1
zumwdhy,1
5vnbwa,1
zknihw,1
zqmukw,1
ztxqpj,1
zu8tzh,1
zujkfu,1
53qhyl,1
54f0qw,1
55qmwn,1
5v8hnz,1
5urdhw,1
5uzfcs,1
5ua2uv,1
5uavnf,1
5urwpz,1
5v25ro,1
5v4ipf,1
5v6tv8,1
5v7a02,1
5v7olm,1
5v861w,1
zumexzt,1
4832777292567,1
038229,1
pbmh5m,1
now36s,1
npsmyy,1
4831457833877,1
4831457452514,1
4831456516421,1
oburzu,1
4831419322298,1
ojct3t,1
4831379241714,1
oqy08o,1
oynqfa,1
pbmxqe,1
4831814520000,1
4831352910392,1
pcw7m6,1
pi69a9,1
pj2ciq,1
pj67pg,1
mbfn05,1
lm1mm3,1
pwsmjo,1
l91nse,1
fzi97q,1
4831852920907,1
nenmm6,1
n80qyv,1
zfepe2r,1
zjex54,1
4832737411507,1
zfn35r9,1
zfrswwh,1
4832734178905,1
4832694983469,1
4832456183899,1
4832455783991,1
crmid,1
6284ae6de99fae48c591d61d4b119214,1
4832452485764,1
ziv19t,1
zjexgp,1
n2r2as,1
4832293780589,1
diqi0,1
ditxa,1
lovmpg,1
mebg2j,1
mfvzrs,1
mh6vwf,1
mpf3ja,1
mty8gc,1
mvcbtw,1
mzr4gp,1
zuizi5k,1
4832895211326,1
4832897365077,1
5g1nx6,1
5fsydn,1
5ft0f1,1
5ft59d,1
5ftou5,1
5fvkvm,1
5fwcjg,1
5fwpmy,1
5fwxpq,1
5fytsi,1
5fyyoz,1
5fzqcd,1
5g8bbt,1
5fseha,1
5g9tua,1
5gepyy,1
5ggbxq,1
5ggjpi,1
5ghyv4,1
5volzo,1
5vnzhj,1
4830911253672,1
zuk8zed,1
zuk9xl1,1
zukqbi3,1
5fself,1
5fmelh,1
4832971312684,1
dgsdj,1
5gqxox,1
5grkni,1
5grdwh,1
5grfex,1
5gtayh,1
5guxfb,1
5guzv8,1
5gvlzn,1
5gxkpw,1
09bxbx,1
0rpcx5,1
dh7xk,1
5flu2k,1
5gjuyp,1
5gjayo,1
5fhg8v,1
5givjh,1
5fhluf,1
5fhwri,1
5fm2i2,1
5fmwrs,1
5fouj6,1
5fpsws,1
5fxc7i,1
zukqvem,1
zukrlmo,1
zukrlqc,1
4833094886998,1
zur34xi,1
zurwidn,1
zurwtht,1
zurwuik,1
zurwzja,1
zurx0r0,1
zurxgq3,1
zurxmvf,1
zurxmgy,1
zuryj77,1
zuryjqr,1
zurcgmn,1
zukrqx5,1
zurdvsi,1
zurddcn,1
4833094668013,1
zuwa6in,1
zuwace1,1
zuwaf4b,1
zuwaqez,1
4833018128894,1
zuwdz21,1
4832975335362,1
zuwzfnd,1
zuk7h2n,1
zumwyf6,1
zuk7v4l,1
zuk90wy,1
4832894506257,1
4832892885043,1
zukgocr,1
4832859883018,1
4832859124633,1
zukj5ov,1
zukjeop,1
zukjjg8,1
zukjxuc,1
zukkxlg,1
zum10a5,1
zum1lfl,1
zum1v6d,1
zum24op,1
zum2tbb,1
zum2y2c,1
zum31af,1
zum38v1,1
zum3nsj,1
zum3pql,1
zum3kvf,1
zumwpei,1
zumwtcc,1
g37esu,1
gn3stk,1
gr3eal,1
23zki1,1
ud,1
367575453068,1
4832097690702,1
cshall,1
4832096411270,1
0phfu7,1
0sz5g5,1
14frma,1
16cbde,1
1of171,1
23wmis,1
4832090553786,1
4832173727951,1
2dh4zj,1
4831979578560,1
2o5jec,1
6w7ty8,1
6wirvj,1
75036f,1
4831974752812,1
c9p88d,1
cd7iad,1
ckla9f,1
cvqzxl,1
392491993268,1
4832177128141,1
5arzc6,1
2tb8tl,1
4831976629987,1
5seuok,1
5tqjl3,1
60ip7n,1
64obdv,1
6681kc,1
68a5el,1
4831976508367,1
6p71ka,1
6vt7t4,1
2yimhm,1
flvpjk,1
4832177247560,1
2rgrqc,1
ds0sk,1
dt2ig,1
4832291809881,1
4832290435618,1
caipiao,1
worldcup2022,1
4832253743926,1
4832251380818,1
1371843943,1
4832177420060,1
d32h7f,1
d74uft,1
dcuina,1
97h9i4,1
7d6bxh,1
7dempt,1
7fp3ln,1
7wa43e,1
7xa70b,1
86nchf,1
88b2ub,1
8bftxa,1
8h3al5,1
8pu4qs,1
906rv5,1
bp04c9,1
dd5ie2,1
9wytes,1
9y8qpw,1
a5k9v3,1
a8v5uj,1
afad06,1
ank3t7,1
aoqb9j,1
asl6q7,1
aueg06,1
bardhg,1
bhkdwb,1
79wsla,1
76gmxr,1
92ve2d,1
bxyovr,1
df6978,1
dnt4ue,1
dp471g,1
dvo8uk,1
dwaarr,1
e3tx4y,1
e71cej,1
ecg0el,1
edrk7n,1
ef7eog,1
efmuh3,1
4831854659900,1
emie9v,1
ens5ta,1
et3ew5,1
ewvpr4,1
f7yqpx,1
f9yd4m,1
fitttw,1
fjars5,1
fkb2sn,1
c9a20o,1
c1jpq9,1
5kxrfb,1
4831976750866,1
h0kg1t,1
z21wft,1
xhc3na,1
xhyv87,1
xwyob3,1
y3bq68,1
y54637,1
ye13tq,1
yhymqs,1
yifbkl,1
ysgl0q,1
4831273028975,1
z1di2d,1
z4ba3c,1
xbzb5g,1
z6yipl,1
z717du,1
z8bc56,1
zhfd1g,1
zooanr,1
4831270163381,1
4831234245485,1
4831196777595,1
4831179344765,1
4831178828000,1
4831110792071,1
4831298048591,1
dj2au,1
53vzh6,1
jg9hhp,1
h7zl1n,1
h8ff28,1
hg43x6,1
hlg633,1
hlvze5,1
hnv457,1
i3tkqu,1
it8hug,1
itpoab,1
j1lvij,1
jcfg6i,1
jjemva,1
pwtik5,1
jn5uqb,1
jng33t,1
jptf4j,1
jtj4f2,1
k161mp,1
kjft17,1
kodv97,1
kok6hg,1
4831819035786,1
l3fn2j,1
pvt4fc,1
4831073896231,1
4831070943501,1
4830953656957,1
3jr81s,1
vyur32,1
wgplbl,1
wjncvu,1
wkuk3k,1
wob7so,1
fsamlh,1
fpzph7,1
fnx4us,1
2wjysa,1
353exb,1
39q37t,1
3owrf6,1
xbzfgq,1
3rfi76,1
3xg3im,1
3zbxup,1
40j47u,1
48hv3k,1
4grg8i,1
4s07mk,1
4tc6ao,1
4znmp6,1
52tuok,1
532frg,1
vsiwy4,1
vml4kk,1
4831298785556,1
upcr5i,1
xbn9fn,1
qf8tvx,1
x0vdin,1
qwrcre,1
qzedlq,1
r0i3yv,1
regsgh,1
rhjz3q,1
rkwupo,1
rn26ir,1
4831314021802,1
sdeo21,1
soxkzc,1
st6lbu,1
sxh3bb,1
t8dc3b,1
tkh5va,1
tn4ict,1
u0jyy8,1
u41owv,1
u7q4fo,1
ueepzd,1
ul18tu,1
5gqiqt,1
5gpmb8,1
5gpvoq,1
s25,1
tripcontent,1
fullpage,1
388010711046,1
wallet,1
faq,1
797847,1
007261,1
624897,1
335064,1
07893,1
210511,1
68703,1
ebk,1
014418,1
716796,1
982248,1
599112,1
017209,1
743288,1
849326,1
742705,1
859033,1
4799325805074,1
932323,1
rpdetail,1
payment,1
14253,1
596944,1
288804,1
664295,1
863418,1
870771,1
550981,1
316182,1
44738208,1
32318026,1
s9,1
592597,1
044833,1
020656,1
batch,1
4800205974633,1
u9m4abr,1
cvc,1
uqojh1u,1
uqo4iq7,1
uihejrz,1
ujdsf8c,1
0a8ake2kp0gocv,1
0alfefkybpqemt,1
zajrnejrav2qzq,1
mali,1
047081,1
597451,1
022141,1
27058,1
462509,1
187066,1
515027,1
761239,1
524037,1
56928,1
651323,1
890138,1
51227,1
841415,1
659606,1
577964,1
936959,1
85935,1
834638,1
847424,1
benefits,1
vr,1
projver,1
depmonth,1
2c2,1
2c3,1
los,1
22min,1
54882629,1
38291846,1
520177,1
44581,1
18139,1
98422,1
022271,1
755451,1
968376,1
015471,1
251308,1
952886,1
341157,1
288103,1
02769,1
40277332,1
26292471,1
319461,1
193986,1
86631,1
075715,1
346923,1
505824,1
417266,1
579424,1
437933,1
681448,1
883779,1
007885,1
22max,1
g92,1
379889,1
177627,1
952034,1
212901,1
291092,1
290539,1
682479,1
37274406,1
57928132,1
523766,1
147261,1
667159,1
275827,1
053222,1
77525,1
929345,1
363936,1
143869,1
363254,1
144565,1
558367,1
086769,1
313514,1
189602,1
10727,1
207926,1
140457,1
889922,1
4814466643461,1
61476,1
364701,1
28975,1
119762,1
600913,1
712136,1
583526,1
669111,1
895976,1
401738,1
357408,1
277179,1
941498,1
084319,1
910952,1
026666,1
961963,1
467242,1
930642,1
274816,1
983394,1
239513,1
006657,1
21525953302,1
008522925534,1
2pnlgicv7dh,1
439555,1
421744,1
547642,1
410937,1
8183,1
479584,1
43055,1
147725,1
432065,1
171043,1
4814906064461,1
760991,1
937346,1
1787053908913302079,1
373395,1
480494,1
558602,1
481062,1
557258,1
822399,1
166317,1
822486,1
167343,1
155501,1
061388,1
700634,1
585193,1
032028,1
528354,1
2prpjoc6ab4,1
1786959660021396167,1
ssologin,1
1786711440827007596,1
4832934865705,1
4832337075312,1
4832171312425,1
4832095558754,1
4829353120705,1
4829311451321,1
4827675320017,1
4825106443156,1
4823986214899,1
4823385018007,1
806506,1
784532,1
721908,1
015548,1
902965,1
761701,1
92088,1
096989,1
055398,1
3a3,1
3a15,1
5gogil,1
5eufoe,1
5vlsnp,1
5vlj9u,1
5vlwog,1
5vna2i,1
5vnf1f,1
5vnpjg,1
5vnrka,1
5efpp6,1
5egocv,1
5emhae,1
5es2qv,1
5eurms,1
4830670237344,1
5ey5zw,1
5f35ej,1
5fb0p7,1
5fbeps,1
5fbxyt,1
5fbyj9,1
5fc8mp,1
5fcuna,1
5fcccu,1
5fdwvq,1
5fdnqx,1
zur2lok,1
4830552085933,1
4798960044854,1
1787341406512679386,1
4798846314702,1
4798842093939,1
ha,1
futurehotel,1
4798841642958,1
4798762467958,1
1wa,1
dcwia,1
4798641129120,1
4798605970279,1
4798568065255,1
4798567131922,1
1787678259618847496,1
bsujax9ab,1
4798520364788,1
mxah1jwe,1
4798485722705,1
4798485274986,1
xg1w4bz7u,1
4798484293893,1
3132869078203821939,1
hbtyu7h6f,1
3131922747346788655,1
3131616422142924662,1
5fek4l,1
5feskr,1
5ffduc,1
5gjyrn,1
5vzdhe,1
5vbxrm,1
5vc3q5,1
5vhw21,1
5viay0,1
5viioc,1
5vivnh,1
5vjrul,1
5fggxs,1
5fh5v0,1
5voeqt,1
5gk4cr,1
5ffimw,1
5gk91g,1
5gk9d6,1
5gknfu,1
5gkgr8,1
5gl7fx,1
5glgjh,1
5glgqe,1
5gpxyr,1
5gw83x,1
5gij4r,1
5gk2ea,1
5vy39d,1
5vxq17,1
5vv4ho,1
5vsuhf,1
5ffdl4,1
5fg08u,1
5vlzax,1
5vku9s,1
5fggpy,1
5vjaop,1
5vop2g,1
5voyti,1
5vpj3i,1
5vpqqd,1
5vqcwx,1
5vqfqe,1
5vqmzy,1
5vqyn1,1
5vrdzz,1
5vrnr4,1
5vrzkp,1
5vs4lt,1
5vsivm,1
5vsq54,1
5vsxn1,1
5vseso,1
5vspik,1
4798846321590,1
4798961800838,1
22can,1
4800168732231,1
4799125708094,1
4799123935873,1
4799120055589,1
4799084775205,1
4799081711006,1
4799080207592,1
4799486275842,1
4799602207094,1
1787687583640396167,1
4799605469475,1
4800203111065,1
4800168366373,1
4799128474427,1
4800166222609,1
4800165770053,1
4800165533963,1
4800164847619,1
4800164162530,1
4800164103530,1
4800162528418,1
4800086184346,1
4800082732960,1
4800009929103,1
4799969177482,1
4799126330394,1
4799129357894,1
4798963320100,1
4799408043641,1
22urc,1
depdow,1
newonsaleentry,1
zrs8,1
1787186388572021677,1
2pnfcmt6gfy,1
2pnfclr4zu3,1
4799488995069,1
4799482180738,1
4799447143738,1
4799440686656,1
4799361805192,1
4799163810935,1
4799323289402,1
4799322461013,1
4799288984181,1
4799288955002,1
4799283864426,1
4799169864560,1
4799164810962,1
gifts,1
contents,1
guideview,1
4799164112465,1
4799962777560,1
4799887961149,1
4799886029894,1
3130883389797180943,1
cate,1
3131360532628738634,1
3131342605730297117,1
3131162172073049252,1
isite,1
wjzkgwn0,1
c5b49b38,1
24fd,1
4101,1
bb30,1
c1470444ba93,1
3130669477270543124,1
4799885812619,1
3130506216231791059,1
kmcxgl,1
1095101618,1
3130081992222459406,1
1787703747759396167,1
3132965270872923361,1
3133025282566180960,1
1787100276331543278,1
4798605181907,1
zhiwin,1
mmj,1
roomcard,1
wxwork,1
arrival,1
3131438508051343701,1
4799883740120,1
4799766268140,1
4799763510216,1
4799723743216,1
4799720254158,1
4799606608149,1
4799045858482,1
4799007432344,1
4798968724575,1
4798967199521,1
3132764571152763962,1
ys4rlzzvs,1
3132633241078093865,1
zkgbldl3b,1
3132622513948136608,1
3132508070824956737,1
3132316983933869338,1
3131953020396923361,1
snipcode,1
3131950896485923361,1
3131930091076488715,1
3131921594362079446,1
3131581035835615608,1
8245716,1
